Tr C(WL),Tr C(LEVEL)[LINEAR]
1200,9.30E-04
1200.2,9.32E-04
1200.4,9.18E-04
1200.6,9.30E-04
1200.8,9.34E-04
1201,9.23E-04
1201.2,9.31E-04
1201.4,9.36E-04
1201.6,9.26E-04
1201.8,9.31E-04
1202,9.35E-04
1202.2,9.28E-04
1202.4,9.28E-04
1202.6,9.31E-04
1202.8,9.24E-04
1203,9.21E-04
1203.2,9.23E-04
1203.4,9.18E-04
1203.6,9.14E-04
1203.8,9.15E-04
1204,9.12E-04
1204.2,9.08E-04
1204.4,9.07E-04
1204.6,9.06E-04
1204.8,9.02E-04
1205,8.98E-04
1205.2,9.00E-04
1205.4,8.97E-04
1205.6,8.92E-04
1205.8,8.97E-04
1206,8.93E-04
1206.2,8.88E-04
1206.4,8.94E-04
1206.6,8.92E-04
1206.8,8.86E-04
1207,8.96E-04
1207.2,8.97E-04
1207.4,8.90E-04
1207.6,9.01E-04
1207.8,9.02E-04
1208,8.92E-04
1208.2,9.04E-04
1208.4,9.02E-04
1208.6,8.89E-04
1208.8,9.03E-04
1209,9.01E-04
1209.2,8.86E-04
1209.4,9.01E-04
1209.6,8.95E-04
1209.8,8.79E-04
1210,8.95E-04
1210.2,8.84E-04
1210.4,8.67E-04
1210.6,8.83E-04
1210.8,8.70E-04
1211,8.53E-04
1211.2,8.72E-04
1211.4,8.55E-04
1211.6,8.39E-04
1211.8,8.59E-04
1212,8.35E-04
1212.2,8.22E-04
1212.4,8.41E-04
1212.6,8.15E-04
1212.8,8.04E-04
1213,8.23E-04
1213.2,7.94E-04
1213.4,7.89E-04
1213.6,8.06E-04
1213.8,7.75E-04
1214,7.77E-04
1214.2,7.91E-04
1214.4,7.60E-04
1214.6,7.66E-04
1214.8,7.78E-04
1215,7.49E-04
1215.2,7.61E-04
1215.4,7.70E-04
1215.6,7.41E-04
1215.8,7.58E-04
1216,7.67E-04
1216.2,7.39E-04
1216.4,7.61E-04
1216.6,7.62E-04
1216.8,7.37E-04
1217,7.64E-04
1217.2,7.60E-04
1217.4,7.36E-04
1217.6,7.68E-04
1217.8,7.56E-04
1218,7.38E-04
1218.2,7.72E-04
1218.4,7.47E-04
1218.6,7.38E-04
1218.8,7.69E-04
1219,7.32E-04
1219.2,7.34E-04
1219.4,7.57E-04
1219.6,7.13E-04
1219.8,7.27E-04
1220,7.36E-04
1220.2,6.92E-04
1220.4,7.16E-04
1220.6,7.09E-04
1220.8,6.72E-04
1221,7.01E-04
1221.2,6.81E-04
1221.4,6.54E-04
1221.6,6.85E-04
1221.8,6.54E-04
1222,6.41E-04
1222.2,6.67E-04
1222.4,6.27E-04
1222.6,6.30E-04
1222.8,6.45E-04
1223,6.05E-04
1223.2,6.21E-04
1223.4,6.25E-04
1223.6,5.89E-04
1223.8,6.15E-04
1224,6.04E-04
1224.2,5.79E-04
1224.4,6.09E-04
1224.6,5.82E-04
1224.8,5.72E-04
1225,5.97E-04
1225.2,5.63E-04
1225.4,5.70E-04
1225.6,5.83E-04
1225.8,5.48E-04
1226,5.68E-04
1226.2,5.67E-04
1226.4,5.40E-04
1226.6,5.66E-04
1226.8,5.49E-04
1227,5.36E-04
1227.2,5.59E-04
1227.4,5.33E-04
1227.6,5.36E-04
1227.8,5.50E-04
1228,5.23E-04
1228.2,5.37E-04
1228.4,5.38E-04
1228.6,5.16E-04
1228.8,5.36E-04
1229,5.23E-04
1229.2,5.12E-04
1229.4,5.30E-04
1229.6,5.10E-04
1229.8,5.11E-04
1230,5.21E-04
1230.2,4.99E-04
1230.4,5.11E-04
1230.6,5.10E-04
1230.8,4.94E-04
1231,5.11E-04
1231.2,5.00E-04
1231.4,4.93E-04
1231.6,5.07E-04
1231.8,4.90E-04
1232,4.95E-04
1232.2,5.01E-04
1232.4,4.85E-04
1232.6,4.98E-04
1232.8,4.93E-04
1233,4.84E-04
1233.2,4.97E-04
1233.4,4.87E-04
1233.6,4.87E-04
1233.8,4.95E-04
1234,4.84E-04
1234.2,4.91E-04
1234.4,4.94E-04
1234.6,4.85E-04
1234.8,4.95E-04
1235,4.91E-04
1235.2,4.86E-04
1235.4,4.98E-04
1235.6,4.88E-04
1235.8,4.91E-04
1236,4.97E-04
1236.2,4.86E-04
1236.4,4.97E-04
1236.6,4.96E-04
1236.8,4.89E-04
1237,5.02E-04
1237.2,4.92E-04
1237.4,4.95E-04
1237.6,5.02E-04
1237.8,4.89E-04
1238,5.02E-04
1238.2,4.99E-04
1238.4,4.93E-04
1238.6,5.07E-04
1238.8,4.95E-04
1239,5.01E-04
1239.2,5.06E-04
1239.4,4.93E-04
1239.6,5.08E-04
1239.8,4.99E-04
1240,4.98E-04
1240.2,5.09E-04
1240.4,4.94E-04
1240.6,5.06E-04
1240.8,5.04E-04
1241,4.96E-04
1241.2,5.10E-04
1241.4,4.97E-04
1241.6,5.03E-04
1241.8,5.08E-04
1242,4.96E-04
1242.2,5.10E-04
1242.4,5.01E-04
1242.6,5.02E-04
1242.8,5.10E-04
1243,4.98E-04
1243.2,5.09E-04
1243.4,5.05E-04
1243.6,5.02E-04
1243.8,5.12E-04
1244,5.01E-04
1244.2,5.10E-04
1244.4,5.08E-04
1244.6,5.02E-04
1244.8,5.13E-04
1245,5.02E-04
1245.2,5.09E-04
1245.4,5.10E-04
1245.6,5.03E-04
1245.8,5.14E-04
1246,5.04E-04
1246.2,5.08E-04
1246.4,5.11E-04
1246.6,5.03E-04
1246.8,5.13E-04
1247,5.06E-04
1247.2,5.09E-04
1247.4,5.13E-04
1247.6,5.05E-04
1247.8,5.16E-04
1248,5.08E-04
1248.2,5.10E-04
1248.4,5.15E-04
1248.6,5.06E-04
1248.8,5.17E-04
1249,5.09E-04
1249.2,5.13E-04
1249.4,5.15E-04
1249.6,5.08E-04
1249.8,5.18E-04
1250,5.09E-04
1250.2,5.14E-04
1250.4,5.15E-04
1250.6,5.10E-04
1250.8,5.18E-04
1251,5.11E-04
1251.2,5.16E-04
1251.4,5.15E-04
1251.6,5.12E-04
1251.8,5.19E-04
1252,5.12E-04
1252.2,5.18E-04
1252.4,5.16E-04
1252.6,5.16E-04
1252.8,5.19E-04
1253,5.14E-04
1253.2,5.20E-04
1253.4,5.16E-04
1253.6,5.18E-04
1253.8,5.19E-04
1254,5.17E-04
1254.2,5.22E-04
1254.4,5.18E-04
1254.6,5.21E-04
1254.8,5.21E-04
1255,5.20E-04
1255.2,5.23E-04
1255.4,5.20E-04
1255.6,5.23E-04
1255.8,5.21E-04
1256,5.23E-04
1256.2,5.23E-04
1256.4,5.22E-04
1256.6,5.25E-04
1256.8,5.23E-04
1257,5.25E-04
1257.2,5.25E-04
1257.4,5.25E-04
1257.6,5.27E-04
1257.8,5.26E-04
1258,5.27E-04
1258.2,5.27E-04
1258.4,5.27E-04
1258.6,5.28E-04
1258.8,5.28E-04
1259,5.29E-04
1259.2,5.28E-04
1259.4,5.30E-04
1259.6,5.30E-04
1259.8,5.30E-04
1260,5.31E-04
1260.2,5.31E-04
1260.4,5.32E-04
1260.6,5.31E-04
1260.8,5.32E-04
1261,5.32E-04
1261.2,5.33E-04
1261.4,5.34E-04
1261.6,5.34E-04
1261.8,5.35E-04
1262,5.34E-04
1262.2,5.35E-04
1262.4,5.35E-04
1262.6,5.35E-04
1262.8,5.36E-04
1263,5.36E-04
1263.2,5.37E-04
1263.4,5.36E-04
1263.6,5.37E-04
1263.8,5.37E-04
1264,5.37E-04
1264.2,5.37E-04
1264.4,5.37E-04
1264.6,5.38E-04
1264.8,5.38E-04
1265,5.38E-04
1265.2,5.38E-04
1265.4,5.39E-04
1265.6,5.39E-04
1265.8,5.39E-04
1266,5.39E-04
1266.2,5.39E-04
1266.4,5.40E-04
1266.6,5.40E-04
1266.8,5.41E-04
1267,5.40E-04
1267.2,5.40E-04
1267.4,5.39E-04
1267.6,5.40E-04
1267.8,5.40E-04
1268,5.39E-04
1268.2,5.39E-04
1268.4,5.39E-04
1268.6,5.40E-04
1268.8,5.40E-04
1269,5.40E-04
1269.2,5.39E-04
1269.4,5.39E-04
1269.6,5.39E-04
1269.8,5.38E-04
1270,5.38E-04
1270.2,5.38E-04
1270.4,5.38E-04
1270.6,5.38E-04
1270.8,5.38E-04
1271,5.38E-04
1271.2,5.37E-04
1271.4,5.37E-04
1271.6,5.37E-04
1271.8,5.36E-04
1272,5.36E-04
1272.2,5.35E-04
1272.4,5.36E-04
1272.6,5.35E-04
1272.8,5.34E-04
1273,5.34E-04
1273.2,5.34E-04
1273.4,5.33E-04
1273.6,5.33E-04
1273.8,5.33E-04
1274,5.33E-04
1274.2,5.32E-04
1274.4,5.32E-04
1274.6,5.31E-04
1274.8,5.31E-04
1275,5.30E-04
1275.2,5.30E-04
1275.4,5.29E-04
1275.6,5.28E-04
1275.8,5.28E-04
1276,5.27E-04
1276.2,5.27E-04
1276.4,5.26E-04
1276.6,5.26E-04
1276.8,5.26E-04
1277,5.25E-04
1277.2,5.24E-04
1277.4,5.23E-04
1277.6,5.23E-04
1277.8,5.23E-04
1278,5.22E-04
1278.2,5.21E-04
1278.4,5.21E-04
1278.6,5.20E-04
1278.8,5.20E-04
1279,5.19E-04
1279.2,5.19E-04
1279.4,5.18E-04
1279.6,5.17E-04
1279.8,5.17E-04
1280,5.17E-04
1280.2,5.16E-04
1280.4,5.16E-04
1280.6,5.15E-04
1280.8,5.14E-04
1281,5.13E-04
1281.2,5.13E-04
1281.4,5.13E-04
1281.6,5.13E-04
1281.8,5.13E-04
1282,5.12E-04
1282.2,5.12E-04
1282.4,5.11E-04
1282.6,5.11E-04
1282.8,5.10E-04
1283,5.10E-04
1283.2,5.09E-04
1283.4,5.09E-04
1283.6,5.08E-04
1283.8,5.08E-04
1284,5.08E-04
1284.2,5.07E-04
1284.4,5.07E-04
1284.6,5.07E-04
1284.8,5.07E-04
1285,5.06E-04
1285.2,5.06E-04
1285.4,5.06E-04
1285.6,5.05E-04
1285.8,5.05E-04
1286,5.05E-04
1286.2,5.04E-04
1286.4,5.03E-04
1286.6,5.03E-04
1286.8,5.03E-04
1287,5.03E-04
1287.2,5.02E-04
1287.4,5.02E-04
1287.6,5.02E-04
1287.8,5.03E-04
1288,5.03E-04
1288.2,5.02E-04
1288.4,5.02E-04
1288.6,5.02E-04
1288.8,5.01E-04
1289,5.01E-04
1289.2,5.01E-04
1289.4,5.01E-04
1289.6,5.01E-04
1289.8,5.00E-04
1290,5.00E-04
1290.2,5.00E-04
1290.4,5.00E-04
1290.6,5.00E-04
1290.8,5.00E-04
1291,5.00E-04
1291.2,4.99E-04
1291.4,4.98E-04
1291.6,4.98E-04
1291.8,4.98E-04
1292,4.98E-04
1292.2,4.98E-04
1292.4,4.98E-04
1292.6,4.97E-04
1292.8,4.97E-04
1293,4.97E-04
1293.2,4.98E-04
1293.4,4.97E-04
1293.6,4.96E-04
1293.8,4.96E-04
1294,4.96E-04
1294.2,4.96E-04
1294.4,4.96E-04
1294.6,4.97E-04
1294.8,4.96E-04
1295,4.95E-04
1295.2,4.95E-04
1295.4,4.94E-04
1295.6,4.94E-04
1295.8,4.93E-04
1296,4.93E-04
1296.2,4.93E-04
1296.4,4.93E-04
1296.6,4.92E-04
1296.8,4.92E-04
1297,4.92E-04
1297.2,4.91E-04
1297.4,4.91E-04
1297.6,4.90E-04
1297.8,4.90E-04
1298,4.89E-04
1298.2,4.89E-04
1298.4,4.89E-04
1298.6,4.89E-04
1298.8,4.88E-04
1299,4.87E-04
1299.2,4.87E-04
1299.4,4.87E-04
1299.6,4.86E-04
1299.8,4.86E-04
1300,4.86E-04
1300.2,4.84E-04
1300.4,4.83E-04
1300.6,4.83E-04
1300.8,4.82E-04
1301,4.82E-04
1301.2,4.81E-04
1301.4,4.81E-04
1301.6,4.81E-04
1301.8,4.80E-04
1302,4.79E-04
1302.2,4.79E-04
1302.4,4.78E-04
1302.6,4.77E-04
1302.8,4.77E-04
1303,4.77E-04
1303.2,4.76E-04
1303.4,4.75E-04
1303.6,4.75E-04
1303.8,4.74E-04
1304,4.73E-04
1304.2,4.72E-04
1304.4,4.71E-04
1304.6,4.71E-04
1304.8,4.71E-04
1305,4.71E-04
1305.2,4.70E-04
1305.4,4.69E-04
1305.6,4.68E-04
1305.8,4.67E-04
1306,4.67E-04
1306.2,4.66E-04
1306.4,4.64E-04
1306.6,4.64E-04
1306.8,4.64E-04
1307,4.62E-04
1307.2,4.62E-04
1307.4,4.61E-04
1307.6,4.61E-04
1307.8,4.60E-04
1308,4.59E-04
1308.2,4.59E-04
1308.4,4.58E-04
1308.6,4.57E-04
1308.8,4.56E-04
1309,4.55E-04
1309.2,4.54E-04
1309.4,4.53E-04
1309.6,4.52E-04
1309.8,4.51E-04
1310,4.50E-04
1310.2,4.50E-04
1310.4,4.50E-04
1310.6,4.48E-04
1310.8,4.48E-04
1311,4.48E-04
1311.2,4.47E-04
1311.4,4.46E-04
1311.6,4.46E-04
1311.8,4.44E-04
1312,4.44E-04
1312.2,4.43E-04
1312.4,4.43E-04
1312.6,4.42E-04
1312.8,4.42E-04
1313,4.42E-04
1313.2,4.41E-04
1313.4,4.41E-04
1313.6,4.40E-04
1313.8,4.40E-04
1314,4.40E-04
1314.2,4.40E-04
1314.4,4.40E-04
1314.6,4.38E-04
1314.8,4.38E-04
1315,4.37E-04
1315.2,4.37E-04
1315.4,4.36E-04
1315.6,4.36E-04
1315.8,4.37E-04
1316,4.37E-04
1316.2,4.36E-04
1316.4,4.36E-04
1316.6,4.36E-04
1316.8,4.35E-04
1317,4.35E-04
1317.2,4.35E-04
1317.4,4.35E-04
1317.6,4.35E-04
1317.8,4.34E-04
1318,4.34E-04
1318.2,4.35E-04
1318.4,4.34E-04
1318.6,4.34E-04
1318.8,4.34E-04
1319,4.34E-04
1319.2,4.34E-04
1319.4,4.35E-04
1319.6,4.35E-04
1319.8,4.35E-04
1320,4.36E-04
1320.2,4.36E-04
1320.4,4.36E-04
1320.6,4.36E-04
1320.8,4.36E-04
1321,4.36E-04
1321.2,4.37E-04
1321.4,4.37E-04
1321.6,4.37E-04
1321.8,4.37E-04
1322,4.37E-04
1322.2,4.38E-04
1322.4,4.38E-04
1322.6,4.39E-04
1322.8,4.40E-04
1323,4.40E-04
1323.2,4.40E-04
1323.4,4.40E-04
1323.6,4.40E-04
1323.8,4.40E-04
1324,4.40E-04
1324.2,4.40E-04
1324.4,4.40E-04
1324.6,4.41E-04
1324.8,4.42E-04
1325,4.43E-04
1325.2,4.43E-04
1325.4,4.44E-04
1325.6,4.44E-04
1325.8,4.44E-04
1326,4.45E-04
1326.2,4.45E-04
1326.4,4.45E-04
1326.6,4.46E-04
1326.8,4.46E-04
1327,4.46E-04
1327.2,4.46E-04
1327.4,4.46E-04
1327.6,4.47E-04
1327.8,4.47E-04
1328,4.48E-04
1328.2,4.49E-04
1328.4,4.50E-04
1328.6,4.50E-04
1328.8,4.50E-04
1329,4.50E-04
1329.2,4.50E-04
1329.4,4.50E-04
1329.6,4.50E-04
1329.8,4.50E-04
1330,4.49E-04
1330.2,4.49E-04
1330.4,4.48E-04
1330.6,4.49E-04
1330.8,4.50E-04
1331,4.50E-04
1331.2,4.51E-04
1331.4,4.51E-04
1331.6,4.51E-04
1331.8,4.51E-04
1332,4.51E-04
1332.2,4.51E-04
1332.4,4.50E-04
1332.6,4.50E-04
1332.8,4.50E-04
1333,4.49E-04
1333.2,4.49E-04
1333.4,4.48E-04
1333.6,4.48E-04
1333.8,4.49E-04
1334,4.49E-04
1334.2,4.49E-04
1334.4,4.49E-04
1334.6,4.49E-04
1334.8,4.49E-04
1335,4.49E-04
1335.2,4.48E-04
1335.4,4.46E-04
1335.6,4.44E-04
1335.8,4.43E-04
1336,4.42E-04
1336.2,4.41E-04
1336.4,4.41E-04
1336.6,4.41E-04
1336.8,4.41E-04
1337,4.40E-04
1337.2,4.41E-04
1337.4,4.40E-04
1337.6,4.39E-04
1337.8,4.38E-04
1338,4.38E-04
1338.2,4.36E-04
1338.4,4.35E-04
1338.6,4.33E-04
1338.8,4.32E-04
1339,4.30E-04
1339.2,4.30E-04
1339.4,4.29E-04
1339.6,4.28E-04
1339.8,4.27E-04
1340,4.27E-04
1340.2,4.27E-04
1340.4,4.27E-04
1340.6,4.26E-04
1340.8,4.25E-04
1341,4.24E-04
1341.2,4.22E-04
1341.4,4.20E-04
1341.6,4.18E-04
1341.8,4.17E-04
1342,4.15E-04
1342.2,4.14E-04
1342.4,4.13E-04
1342.6,4.12E-04
1342.8,4.12E-04
1343,4.11E-04
1343.2,4.11E-04
1343.4,4.10E-04
1343.6,4.09E-04
1343.8,4.07E-04
1344,4.05E-04
1344.2,4.02E-04
1344.4,4.00E-04
1344.6,3.98E-04
1344.8,3.96E-04
1345,3.95E-04
1345.2,3.93E-04
1345.4,3.92E-04
1345.6,3.91E-04
1345.8,3.90E-04
1346,3.88E-04
1346.2,3.87E-04
1346.4,3.87E-04
1346.6,3.86E-04
1346.8,3.85E-04
1347,3.83E-04
1347.2,3.80E-04
1347.4,3.75E-04
1347.6,3.71E-04
1347.8,3.69E-04
1348,3.65E-04
1348.2,3.62E-04
1348.4,3.62E-04
1348.6,3.63E-04
1348.8,3.62E-04
1349,3.62E-04
1349.2,3.63E-04
1349.4,3.63E-04
1349.6,3.64E-04
1349.8,3.60E-04
1350,3.56E-04
1350.2,3.54E-04
1350.4,3.51E-04
1350.6,3.50E-04
1350.8,3.48E-04
1351,3.47E-04
1351.2,3.46E-04
1351.4,3.43E-04
1351.6,3.41E-04
1351.8,3.39E-04
1352,3.33E-04
1352.2,3.34E-04
1352.4,3.37E-04
1352.6,3.33E-04
1352.8,3.30E-04
1353,3.30E-04
1353.2,3.33E-04
1353.4,3.31E-04
1353.6,3.29E-04
1353.8,3.29E-04
1354,3.28E-04
1354.2,3.18E-04
1354.4,3.12E-04
1354.6,3.06E-04
1354.8,3.04E-04
1355,3.06E-04
1355.2,3.02E-04
1355.4,2.97E-04
1355.6,3.02E-04
1355.8,3.06E-04
1356,3.08E-04
1356.2,3.08E-04
1356.4,3.12E-04
1356.6,3.14E-04
1356.8,3.10E-04
1357,3.08E-04
1357.2,3.02E-04
1357.4,2.97E-04
1357.6,2.97E-04
1357.8,3.04E-04
1358,3.01E-04
1358.2,3.01E-04
1358.4,3.03E-04
1358.6,3.06E-04
1358.8,3.05E-04
1359,2.96E-04
1359.2,2.93E-04
1359.4,2.93E-04
1359.6,2.95E-04
1359.8,2.91E-04
1360,2.91E-04
1360.2,2.98E-04
1360.4,2.95E-04
1360.6,2.87E-04
1360.8,2.84E-04
1361,2.83E-04
1361.2,2.69E-04
1361.4,2.68E-04
1361.6,2.71E-04
1361.8,2.64E-04
1362,2.50E-04
1362.2,2.50E-04
1362.4,2.62E-04
1362.6,2.67E-04
1362.8,2.74E-04
1363,2.88E-04
1363.2,3.03E-04
1363.4,3.05E-04
1363.6,3.04E-04
1363.8,2.98E-04
1364,2.92E-04
1364.2,2.72E-04
1364.4,2.66E-04
1364.6,2.65E-04
1364.8,2.63E-04
1365,2.58E-04
1365.2,2.61E-04
1365.4,2.82E-04
1365.6,2.89E-04
1365.8,2.89E-04
1366,2.94E-04
1366.2,3.03E-04
1366.4,2.99E-04
1366.6,2.95E-04
1366.8,2.93E-04
1367,2.87E-04
1367.2,2.79E-04
1367.4,2.68E-04
1367.6,2.73E-04
1367.8,2.73E-04
1368,2.64E-04
1368.2,2.60E-04
1368.4,2.67E-04
1368.6,2.77E-04
1368.8,2.78E-04
1369,2.79E-04
1369.2,2.89E-04
1369.4,2.91E-04
1369.6,2.85E-04
1369.8,2.83E-04
1370,2.82E-04
1370.2,2.80E-04
1370.4,2.66E-04
1370.6,2.66E-04
1370.8,2.68E-04
1371,2.68E-04
1371.2,2.67E-04
1371.4,2.68E-04
1371.6,2.74E-04
1371.8,2.77E-04
1372,2.79E-04
1372.2,2.79E-04
1372.4,2.79E-04
1372.6,2.78E-04
1372.8,2.82E-04
1373,2.83E-04
1373.2,2.81E-04
1373.4,2.80E-04
1373.6,2.80E-04
1373.8,2.79E-04
1374,2.78E-04
1374.2,2.80E-04
1374.4,2.77E-04
1374.6,2.74E-04
1374.8,2.74E-04
1375,2.74E-04
1375.2,2.76E-04
1375.4,2.72E-04
1375.6,2.74E-04
1375.8,2.75E-04
1376,2.72E-04
1376.2,2.69E-04
1376.4,2.62E-04
1376.6,2.58E-04
1376.8,2.56E-04
1377,2.54E-04
1377.2,2.54E-04
1377.4,2.54E-04
1377.6,2.60E-04
1377.8,2.65E-04
1378,2.63E-04
1378.2,2.57E-04
1378.4,2.50E-04
1378.6,2.48E-04
1378.8,2.46E-04
1379,2.44E-04
1379.2,2.46E-04
1379.4,2.50E-04
1379.6,2.50E-04
1379.8,2.47E-04
1380,2.38E-04
1380.2,2.18E-04
1380.4,2.10E-04
1380.6,2.03E-04
1380.8,2.03E-04
1381,2.04E-04
1381.2,2.11E-04
1381.4,2.28E-04
1381.6,2.33E-04
1381.8,2.36E-04
1382,2.26E-04
1382.2,2.08E-04
1382.4,1.95E-04
1382.6,1.90E-04
1382.8,1.88E-04
1383,1.85E-04
1383.2,1.92E-04
1383.4,1.99E-04
1383.6,2.07E-04
1383.8,2.10E-04
1384,2.08E-04
1384.2,2.10E-04
1384.4,2.07E-04
1384.6,2.07E-04
1384.8,2.04E-04
1385,2.02E-04
1385.2,2.00E-04
1385.4,1.96E-04
1385.6,1.97E-04
1385.8,2.01E-04
1386,2.00E-04
1386.2,1.99E-04
1386.4,1.98E-04
1386.6,1.99E-04
1386.8,1.98E-04
1387,1.99E-04
1387.2,1.99E-04
1387.4,1.91E-04
1387.6,1.86E-04
1387.8,1.80E-04
1388,1.77E-04
1388.2,1.76E-04
1388.4,1.76E-04
1388.6,1.82E-04
1388.8,1.84E-04
1389,1.88E-04
1389.2,1.89E-04
1389.4,1.84E-04
1389.6,1.82E-04
1389.8,1.81E-04
1390,1.79E-04
1390.2,1.78E-04
1390.4,1.76E-04
1390.6,1.79E-04
1390.8,1.79E-04
1391,1.78E-04
1391.2,1.76E-04
1391.4,1.76E-04
1391.6,1.73E-04
1391.8,1.68E-04
1392,1.59E-04
1392.2,1.52E-04
1392.4,1.50E-04
1392.6,1.49E-04
1392.8,1.50E-04
1393,1.52E-04
1393.2,1.59E-04
1393.4,1.62E-04
1393.6,1.62E-04
1393.8,1.61E-04
1394,1.60E-04
1394.2,1.57E-04
1394.4,1.53E-04
1394.6,1.47E-04
1394.8,1.45E-04
1395,1.40E-04
1395.2,1.37E-04
1395.4,1.36E-04
1395.6,1.38E-04
1395.8,1.37E-04
1396,1.31E-04
1396.2,1.31E-04
1396.4,1.31E-04
1396.6,1.31E-04
1396.8,1.30E-04
1397,1.34E-04
1397.2,1.39E-04
1397.4,1.41E-04
1397.6,1.41E-04
1397.8,1.40E-04
1398,1.40E-04
1398.2,1.39E-04
1398.4,1.38E-04
1398.6,1.36E-04
1398.8,1.35E-04
1399,1.30E-04
1399.2,1.26E-04
1399.4,1.24E-04
1399.6,1.21E-04
1399.8,1.19E-04
1400,1.16E-04
1400.2,1.14E-04
1400.4,1.13E-04
1400.6,1.12E-04
1400.8,1.13E-04
1401,1.12E-04
1401.2,1.12E-04
1401.4,1.17E-04
1401.6,1.18E-04
1401.8,1.17E-04
1402,1.18E-04
1402.2,1.19E-04
1402.4,1.19E-04
1402.6,1.18E-04
1402.8,1.17E-04
1403,1.16E-04
1403.2,1.15E-04
1403.4,1.14E-04
1403.6,1.14E-04
1403.8,1.13E-04
1404,1.12E-04
1404.2,1.11E-04
1404.4,1.06E-04
1404.6,1.00E-04
1404.8,9.90E-05
1405,9.81E-05
1405.2,9.78E-05
1405.4,9.73E-05
1405.6,1.02E-04
1405.8,1.05E-04
1406,1.05E-04
1406.2,1.04E-04
1406.4,1.02E-04
1406.6,1.01E-04
1406.8,9.82E-05
1407,9.66E-05
1407.2,9.57E-05
1407.4,9.66E-05
1407.6,9.75E-05
1407.8,9.78E-05
1408,9.93E-05
1408.2,9.99E-05
1408.4,9.87E-05
1408.6,9.65E-05
1408.8,9.36E-05
1409,8.99E-05
1409.2,8.80E-05
1409.4,8.66E-05
1409.6,8.66E-05
1409.8,8.67E-05
1410,8.84E-05
1410.2,9.08E-05
1410.4,9.17E-05
1410.6,9.20E-05
1410.8,9.13E-05
1411,9.05E-05
1411.2,8.98E-05
1411.4,8.87E-05
1411.6,8.74E-05
1411.8,8.55E-05
1412,8.41E-05
1412.2,8.31E-05
1412.4,8.18E-05
1412.6,8.12E-05
1412.8,8.03E-05
1413,8.09E-05
1413.2,8.05E-05
1413.4,8.04E-05
1413.6,7.89E-05
1413.8,7.71E-05
1414,7.60E-05
1414.2,7.44E-05
1414.4,7.31E-05
1414.6,7.17E-05
1414.8,7.19E-05
1415,7.15E-05
1415.2,7.02E-05
1415.4,7.01E-05
1415.6,6.95E-05
1415.8,6.87E-05
1416,6.81E-05
1416.2,6.78E-05
1416.4,6.74E-05
1416.6,6.77E-05
1416.8,6.75E-05
1417,6.69E-05
1417.2,6.63E-05
1417.4,6.59E-05
1417.6,6.49E-05
1417.8,6.38E-05
1418,6.23E-05
1418.2,6.10E-05
1418.4,5.91E-05
1418.6,5.71E-05
1418.8,5.54E-05
1419,5.38E-05
1419.2,5.27E-05
1419.4,5.22E-05
1419.6,5.22E-05
1419.8,5.24E-05
1420,5.26E-05
1420.2,5.26E-05
1420.4,5.25E-05
1420.6,5.16E-05
1420.8,5.11E-05
1421,5.00E-05
1421.2,4.85E-05
1421.4,4.71E-05
1421.6,4.55E-05
1421.8,4.39E-05
1422,4.25E-05
1422.2,4.10E-05
1422.4,3.99E-05
1422.6,3.90E-05
1422.8,3.86E-05
1423,3.84E-05
1423.2,3.82E-05
1423.4,3.80E-05
1423.6,3.76E-05
1423.8,3.76E-05
1424,3.71E-05
1424.2,3.65E-05
1424.4,3.55E-05
1424.6,3.46E-05
1424.8,3.33E-05
1425,3.17E-05
1425.2,3.01E-05
1425.4,2.88E-05
1425.6,2.77E-05
1425.8,2.69E-05
1426,2.66E-05
1426.2,2.64E-05
1426.4,2.63E-05
1426.6,2.65E-05
1426.8,2.64E-05
1427,2.60E-05
1427.2,2.57E-05
1427.4,2.52E-05
1427.6,2.45E-05
1427.8,2.32E-05
1428,2.22E-05
1428.2,2.11E-05
1428.4,1.99E-05
1428.6,1.89E-05
1428.8,1.80E-05
1429,1.75E-05
1429.2,1.72E-05
1429.4,1.68E-05
1429.6,1.67E-05
1429.8,1.68E-05
1430,1.69E-05
1430.2,1.67E-05
1430.4,1.66E-05
1430.6,1.62E-05
1430.8,1.58E-05
1431,1.52E-05
1431.2,1.45E-05
1431.4,1.38E-05
1431.6,1.30E-05
1431.8,1.24E-05
1432,1.19E-05
1432.2,1.17E-05
1432.4,1.15E-05
1432.6,1.14E-05
1432.8,1.15E-05
1433,1.16E-05
1433.2,1.18E-05
1433.4,1.18E-05
1433.6,1.17E-05
1433.8,1.16E-05
1434,1.12E-05
1434.2,1.10E-05
1434.4,1.07E-05
1434.6,1.04E-05
1434.8,1.01E-05
1435,9.99E-06
1435.2,9.99E-06
1435.4,9.95E-06
1435.6,1.00E-05
1435.8,1.02E-05
1436,1.04E-05
1436.2,1.06E-05
1436.4,1.07E-05
1436.6,1.06E-05
1436.8,1.06E-05
1437,1.06E-05
1437.2,1.02E-05
1437.4,9.74E-06
1437.6,9.57E-06
1437.8,9.33E-06
1438,9.25E-06
1438.2,9.24E-06
1438.4,9.36E-06
1438.6,9.63E-06
1438.8,1.01E-05
1439,1.04E-05
1439.2,1.09E-05
1439.4,1.16E-05
1439.6,1.20E-05
1439.8,1.23E-05
1440,1.23E-05
1440.2,1.23E-05
1440.4,1.19E-05
1440.6,1.14E-05
1440.8,1.09E-05
1441,1.03E-05
1441.2,9.75E-06
1441.4,9.45E-06
1441.6,9.48E-06
1441.8,9.82E-06
1442,1.03E-05
1442.2,1.14E-05
1442.4,1.23E-05
1442.6,1.35E-05
1442.8,1.46E-05
1443,1.55E-05
1443.2,1.60E-05
1443.4,1.64E-05
1443.6,1.63E-05
1443.8,1.57E-05
1444,1.49E-05
1444.2,1.37E-05
1444.4,1.27E-05
1444.6,1.16E-05
1444.8,1.08E-05
1445,1.05E-05
1445.2,1.05E-05
1445.4,1.10E-05
1445.6,1.23E-05
1445.8,1.40E-05
1446,1.60E-05
1446.2,1.81E-05
1446.4,2.00E-05
1446.6,2.16E-05
1446.8,2.25E-05
1447,2.28E-05
1447.2,2.23E-05
1447.4,2.13E-05
1447.6,1.98E-05
1447.8,1.78E-05
1448,1.59E-05
1448.2,1.43E-05
1448.4,1.31E-05
1448.6,1.27E-05
1448.8,1.34E-05
1449,1.48E-05
1449.2,1.69E-05
1449.4,1.97E-05
1449.6,2.28E-05
1449.8,2.59E-05
1450,2.85E-05
1450.2,3.04E-05
1450.4,3.14E-05
1450.6,3.14E-05
1450.8,3.02E-05
1451,2.82E-05
1451.2,2.56E-05
1451.4,2.30E-05
1451.6,2.01E-05
1451.8,1.77E-05
1452,1.63E-05
1452.2,1.60E-05
1452.4,1.71E-05
1452.6,1.93E-05
1452.8,2.28E-05
1453,2.68E-05
1453.2,3.12E-05
1453.4,3.51E-05
1453.6,3.85E-05
1453.8,4.06E-05
1454,4.13E-05
1454.2,4.04E-05
1454.4,3.79E-05
1454.6,3.46E-05
1454.8,3.02E-05
1455,2.60E-05
1455.2,2.20E-05
1455.4,1.92E-05
1455.6,1.76E-05
1455.8,1.77E-05
1456,1.93E-05
1456.2,2.26E-05
1456.4,2.69E-05
1456.6,3.17E-05
1456.8,3.66E-05
1457,4.09E-05
1457.2,4.41E-05
1457.4,4.58E-05
1457.6,4.57E-05
1457.8,4.35E-05
1458,4.00E-05
1458.2,3.53E-05
1458.4,3.01E-05
1458.6,2.48E-05
1458.8,2.03E-05
1459,1.70E-05
1459.2,1.56E-05
1459.4,1.60E-05
1459.6,1.83E-05
1459.8,2.20E-05
1460,2.69E-05
1460.2,3.25E-05
1460.4,3.81E-05
1460.6,4.28E-05
1460.8,4.62E-05
1461,4.76E-05
1461.2,4.71E-05
1461.4,4.47E-05
1461.6,4.04E-05
1461.8,3.50E-05
1462,2.90E-05
1462.2,2.31E-05
1462.4,1.80E-05
1462.6,1.43E-05
1462.8,1.26E-05
1463,1.29E-05
1463.2,1.54E-05
1463.4,1.98E-05
1463.6,2.53E-05
1463.8,3.17E-05
1464,3.83E-05
1464.2,4.37E-05
1464.4,4.78E-05
1464.6,4.99E-05
1464.8,4.94E-05
1465,4.71E-05
1465.2,4.28E-05
1465.4,3.70E-05
1465.6,3.04E-05
1465.8,2.37E-05
1466,1.77E-05
1466.2,1.30E-05
1466.4,1.02E-05
1466.6,9.82E-06
1466.8,1.18E-05
1467,1.59E-05
1467.2,2.16E-05
1467.4,2.81E-05
1467.6,3.50E-05
1467.8,4.13E-05
1468,4.63E-05
1468.2,4.95E-05
1468.4,5.02E-05
1468.6,4.87E-05
1468.8,4.50E-05
1469,3.94E-05
1469.2,3.27E-05
1469.4,2.55E-05
1469.6,1.89E-05
1469.8,1.33E-05
1470,9.37E-06
1470.2,7.65E-06
1470.4,8.11E-06
1470.6,1.07E-05
1470.8,1.52E-05
1471,2.10E-05
1471.2,2.74E-05
1471.4,3.35E-05
1471.6,3.89E-05
1471.8,4.27E-05
1472,4.46E-05
1472.2,4.43E-05
1472.4,4.24E-05
1472.6,3.83E-05
1472.8,3.27E-05
1473,2.68E-05
1473.2,2.06E-05
1473.4,1.49E-05
1473.6,1.04E-05
1473.8,7.38E-06
1474,6.36E-06
1474.2,7.17E-06
1474.4,1.00E-05
1474.6,1.41E-05
1474.8,1.90E-05
1475,2.46E-05
1475.2,2.98E-05
1475.4,3.40E-05
1475.6,3.69E-05
1475.8,3.84E-05
1476,3.81E-05
1476.2,3.60E-05
1476.4,3.26E-05
1476.6,2.80E-05
1476.8,2.28E-05
1477,1.77E-05
1477.2,1.28E-05
1477.4,9.33E-06
1477.6,6.94E-06
1477.8,6.19E-06
1478,6.80E-06
1478.2,9.06E-06
1478.4,1.24E-05
1478.6,1.64E-05
1478.8,2.10E-05
1479,2.53E-05
1479.2,2.90E-05
1479.4,3.18E-05
1479.6,3.34E-05
1479.8,3.35E-05
1480,3.24E-05
1480.2,3.01E-05
1480.4,2.67E-05
1480.6,2.28E-05
1480.8,1.86E-05
1481,1.47E-05
1481.2,1.13E-05
1481.4,8.73E-06
1481.6,7.30E-06
1481.8,7.21E-06
1482,8.51E-06
1482.2,1.09E-05
1482.4,1.45E-05
1482.6,1.90E-05
1482.8,2.37E-05
1483,2.84E-05
1483.2,3.27E-05
1483.4,3.61E-05
1483.6,3.86E-05
1483.8,3.96E-05
1484,3.93E-05
1484.2,3.75E-05
1484.4,3.46E-05
1484.6,3.05E-05
1484.8,2.58E-05
1485,2.09E-05
1485.2,1.62E-05
1485.4,1.24E-05
1485.6,9.78E-06
1485.8,8.80E-06
1486,9.67E-06
1486.2,1.24E-05
1486.4,1.69E-05
1486.6,2.31E-05
1486.8,3.02E-05
1487,3.77E-05
1487.2,4.52E-05
1487.4,5.16E-05
1487.6,5.65E-05
1487.8,5.94E-05
1488,5.99E-05
1488.2,5.78E-05
1488.4,5.34E-05
1488.6,4.70E-05
1488.8,3.89E-05
1489,3.05E-05
1489.2,2.24E-05
1489.4,1.59E-05
1489.6,1.15E-05
1489.8,9.94E-06
1490,1.19E-05
1490.2,1.71E-05
1490.4,2.56E-05
1490.6,3.68E-05
1490.8,4.96E-05
1491,6.24E-05
1491.2,7.47E-05
1491.4,8.52E-05
1491.6,9.23E-05
1491.8,9.54E-05
1492,9.42E-05
1492.2,8.87E-05
1492.4,7.90E-05
1492.6,6.66E-05
1492.8,5.28E-05
1493,3.91E-05
1493.2,2.71E-05
1493.4,1.86E-05
1493.6,1.47E-05
1493.8,1.63E-05
1494,2.35E-05
1494.2,3.61E-05
1494.4,5.31E-05
1494.6,7.34E-05
1494.8,9.45E-05
1495,1.15E-04
1495.2,1.32E-04
1495.4,1.44E-04
1495.6,1.50E-04
1495.8,1.48E-04
1496,1.40E-04
1496.2,1.26E-04
1496.4,1.06E-04
1496.6,8.51E-05
1496.8,6.37E-05
1497,4.46E-05
1497.2,3.12E-05
1497.4,2.48E-05
1497.6,2.64E-05
1497.8,3.72E-05
1498,5.65E-05
1498.2,8.26E-05
1498.4,1.14E-04
1498.6,1.47E-04
1498.8,1.79E-04
1499,2.05E-04
1499.2,2.25E-04
1499.4,2.34E-04
1499.6,2.33E-04
1499.8,2.20E-04
1500,1.99E-04
1500.2,1.71E-04
1500.4,1.38E-04
1500.6,1.04E-04
1500.8,7.52E-05
1501,5.30E-05
1501.2,4.13E-05
1501.4,4.30E-05
1501.6,5.79E-05
1501.8,8.53E-05
1502,1.23E-04
1502.2,1.69E-04
1502.4,2.18E-04
1502.6,2.65E-04
1502.8,3.07E-04
1503,3.37E-04
1503.2,3.53E-04
1503.4,3.54E-04
1503.6,3.39E-04
1503.8,3.09E-04
1504,2.69E-04
1504.2,2.21E-04
1504.4,1.71E-04
1504.6,1.25E-04
1504.8,9.02E-05
1505,6.93E-05
1505.2,6.66E-05
1505.4,8.48E-05
1505.6,1.23E-04
1505.8,1.76E-04
1506,2.42E-04
1506.2,3.14E-04
1506.4,3.85E-04
1506.6,4.49E-04
1506.8,5.00E-04
1507,5.30E-04
1507.2,5.38E-04
1507.4,5.21E-04
1507.6,4.82E-04
1507.8,4.24E-04
1508,3.54E-04
1508.2,2.82E-04
1508.4,2.13E-04
1508.6,1.54E-04
1508.8,1.17E-04
1509,1.07E-04
1509.2,1.24E-04
1509.4,1.71E-04
1509.6,2.47E-04
1509.8,3.40E-04
1510,4.44E-04
1510.2,5.54E-04
1510.4,6.55E-04
1510.6,7.38E-04
1510.8,7.94E-04
1511,8.19E-04
1511.2,8.07E-04
1511.4,7.61E-04
1511.6,6.85E-04
1511.8,5.88E-04
1512,4.78E-04
1512.2,3.72E-04
1512.4,2.78E-04
1512.6,2.06E-04
1512.8,1.69E-04
1513,1.74E-04
1513.2,2.21E-04
1513.4,3.07E-04
1513.6,4.30E-04
1513.8,5.78E-04
1514,7.37E-04
1514.2,8.90E-04
1514.4,1.03E-03
1514.6,1.14E-03
1514.8,1.20E-03
1515,1.22E-03
1515.2,1.19E-03
1515.4,1.10E-03
1515.6,9.78E-04
1515.8,8.33E-04
1516,6.74E-04
1516.2,5.21E-04
1516.4,3.94E-04
1516.6,3.04E-04
1516.8,2.61E-04
1517,2.77E-04
1517.2,3.54E-04
1517.4,4.82E-04
1517.6,6.58E-04
1517.8,8.63E-04
1518,1.08E-03
1518.2,1.27E-03
1518.4,1.46E-03
1518.6,1.59E-03
1518.8,1.66E-03
1519,1.67E-03
1519.2,1.62E-03
1519.4,1.50E-03
1519.6,1.33E-03
1519.8,1.13E-03
1520,9.24E-04
1520.2,7.23E-04
1520.4,5.49E-04
1520.6,4.34E-04
1520.8,3.80E-04
1521,3.90E-04
1521.2,4.78E-04
1521.4,6.33E-04
1521.6,8.38E-04
1521.8,1.07E-03
1522,1.32E-03
1522.2,1.57E-03
1522.4,1.77E-03
1522.6,1.93E-03
1522.8,2.02E-03
1523,2.03E-03
1523.2,1.96E-03
1523.4,1.83E-03
1523.6,1.63E-03
1523.8,1.39E-03
1524,1.14E-03
1524.2,9.00E-04
1524.4,6.93E-04
1524.6,5.25E-04
1524.8,4.43E-04
1525,4.41E-04
1525.2,5.18E-04
1525.4,6.73E-04
1525.6,8.98E-04
1525.8,1.16E-03
1526,1.45E-03
1526.2,1.71E-03
1526.4,1.95E-03
1526.6,2.13E-03
1526.8,2.24E-03
1527,2.27E-03
1527.2,2.20E-03
1527.4,2.05E-03
1527.6,1.83E-03
1527.8,1.57E-03
1528,1.28E-03
1528.2,9.95E-04
1528.4,7.50E-04
1528.6,5.52E-04
1528.8,4.51E-04
1529,4.41E-04
1529.2,5.30E-04
1529.4,7.10E-04
1529.6,9.71E-04
1529.8,1.29E-03
1530,1.63E-03
1530.2,1.97E-03
1530.4,2.29E-03
1530.6,2.54E-03
1530.8,2.69E-03
1531,2.75E-03
1531.2,2.70E-03
1531.4,2.54E-03
1531.6,2.28E-03
1531.8,1.97E-03
1532,1.63E-03
1532.2,1.29E-03
1532.4,9.81E-04
1532.6,7.54E-04
1532.8,6.30E-04
1533,6.32E-04
1533.2,7.80E-04
1533.4,1.06E-03
1533.6,1.46E-03
1533.8,1.93E-03
1534,2.45E-03
1534.2,2.99E-03
1534.4,3.48E-03
1534.6,3.89E-03
1534.8,4.19E-03
1535,4.32E-03
1535.2,4.28E-03
1535.4,4.08E-03
1535.6,3.75E-03
1535.8,3.29E-03
1536,2.79E-03
1536.2,2.28E-03
1536.4,1.83E-03
1536.6,1.49E-03
1536.8,1.31E-03
1537,1.33E-03
1537.2,1.52E-03
1537.4,1.90E-03
1537.6,2.44E-03
1537.8,3.08E-03
1538,3.76E-03
1538.2,4.44E-03
1538.4,5.03E-03
1538.6,5.46E-03
1538.8,5.72E-03
1539,5.74E-03
1539.2,5.56E-03
1539.4,5.15E-03
1539.6,4.64E-03
1539.8,4.01E-03
1540,3.32E-03
1540.2,2.69E-03
1540.4,2.11E-03
1540.6,1.69E-03
1540.8,1.36E-03
1541,1.21E-03
1541.2,1.24E-03
1541.4,1.37E-03
1541.6,1.63E-03
1541.8,1.92E-03
1542,2.23E-03
1542.2,2.51E-03
1542.4,2.64E-03
1542.6,2.67E-03
1542.8,2.59E-03
1543,2.37E-03
1543.2,2.08E-03
1543.4,1.72E-03
1543.6,1.36E-03
1543.8,1.05E-03
1544,7.60E-04
1544.2,5.09E-04
1544.4,3.31E-04
1544.6,2.18E-04
1544.8,1.58E-04
1545,1.17E-04
1545.2,1.08E-04
1545.4,1.10E-04
1545.6,1.27E-04
1545.8,1.50E-04
1546,1.78E-04
1546.2,2.22E-04
1546.4,2.50E-04
1546.6,3.00E-04
1546.8,3.65E-04
1547,4.33E-04
1547.2,5.04E-04
1547.4,5.86E-04
1547.6,7.02E-04
1547.8,7.82E-04
1548,8.58E-04
1548.2,9.11E-04
1548.4,9.30E-04
1548.6,9.14E-04
1548.8,8.48E-04
1549,8.09E-04
1549.2,7.15E-04
1549.4,6.06E-04
1549.6,5.18E-04
1549.8,4.37E-04
1550,3.60E-04
1550.2,2.70E-04
1550.4,2.26E-04
1550.6,1.81E-04
1550.8,1.54E-04
1551,1.37E-04
1551.2,1.22E-04
1551.4,1.11E-04
1551.6,9.87E-05
1551.8,1.06E-04
1552,1.05E-04
1552.2,1.21E-04
1552.4,1.45E-04
1552.6,2.23E-04
1552.8,3.11E-04
1553,4.47E-04
1553.2,6.42E-04
1553.4,8.36E-04
1553.6,1.10E-03
1553.8,1.32E-03
1554,1.55E-03
1554.2,1.74E-03
1554.4,1.94E-03
1554.6,2.19E-03
1554.8,2.29E-03
1555,2.36E-03
1555.2,2.31E-03
1555.4,2.21E-03
1555.6,2.04E-03
1555.8,1.70E-03
1556,1.45E-03
1556.2,1.25E-03
1556.4,1.10E-03
1556.6,9.56E-04
1556.8,9.15E-04
1557,9.31E-04
1557.2,1.03E-03
1557.4,1.18E-03
1557.6,1.38E-03
1557.8,1.62E-03
1558,1.88E-03
1558.2,2.21E-03
1558.4,2.39E-03
1558.6,2.57E-03
1558.8,2.97E-03
1559,3.24E-03
1559.2,3.59E-03
1559.4,3.83E-03
1559.6,4.19E-03
1559.8,4.67E-03
1560,4.91E-03
1560.2,5.27E-03
1560.4,5.73E-03
1560.6,6.37E-03
1560.8,6.97E-03
1561,7.26E-03
1561.2,8.06E-03
1561.4,9.21E-03
1561.6,1.02E-02
1561.8,1.15E-02
1562,1.33E-02
1562.2,1.56E-02
1562.4,1.75E-02
1562.6,1.96E-02
1562.8,2.24E-02
1563,2.54E-02
1563.2,2.84E-02
1563.4,3.06E-02
1563.6,3.25E-02
1563.8,3.43E-02
1564,3.52E-02
1564.2,3.50E-02
1564.4,3.46E-02
1564.6,3.44E-02
1564.8,3.41E-02
1565,3.26E-02
1565.2,3.09E-02
1565.4,2.98E-02
1565.6,2.85E-02
1565.8,2.70E-02
1566,2.60E-02
1566.2,2.54E-02
1566.4,2.51E-02
1566.6,2.43E-02
1566.8,2.35E-02
1567,2.29E-02
1567.2,2.18E-02
1567.4,2.07E-02
1567.6,1.93E-02
1567.8,1.75E-02
1568,1.55E-02
1568.2,1.32E-02
1568.4,1.12E-02
1568.6,9.21E-03
1568.8,7.43E-03
1569,6.14E-03
1569.2,5.14E-03
1569.4,4.26E-03
1569.6,3.67E-03
1569.8,3.14E-03
1570,2.93E-03
1570.2,2.97E-03
1570.4,3.13E-03
1570.6,3.46E-03
1570.8,3.86E-03
1571,4.33E-03
1571.2,4.86E-03
1571.4,5.58E-03
1571.6,6.42E-03
1571.8,7.39E-03
1572,8.54E-03
1572.2,9.87E-03
1572.4,1.11E-02
1572.6,1.21E-02
1572.8,1.26E-02
1573,1.28E-02
1573.2,1.27E-02
1573.4,1.21E-02
1573.6,1.13E-02
1573.8,1.02E-02
1574,9.14E-03
1574.2,8.07E-03
1574.4,6.93E-03
1574.6,5.89E-03
1574.8,5.02E-03
1575,4.44E-03
1575.2,4.16E-03
1575.4,3.96E-03
1575.6,3.88E-03
1575.8,3.96E-03
1576,4.15E-03
1576.2,4.38E-03
1576.4,4.57E-03
1576.6,4.76E-03
1576.8,5.00E-03
1577,5.14E-03
1577.2,5.15E-03
1577.4,5.04E-03
1577.6,4.85E-03
1577.8,4.66E-03
1578,4.41E-03
1578.2,4.12E-03
1578.4,3.88E-03
1578.6,3.65E-03
1578.8,3.43E-03
1579,3.21E-03
1579.2,2.99E-03
1579.4,2.82E-03
1579.6,2.69E-03
1579.8,2.57E-03
1580,2.48E-03
1580.2,2.43E-03
1580.4,2.39E-03
1580.6,2.39E-03
1580.8,2.38E-03
1581,2.39E-03
1581.2,2.41E-03
1581.4,2.40E-03
1581.6,2.39E-03
1581.8,2.35E-03
1582,2.28E-03
1582.2,2.21E-03
1582.4,2.11E-03
1582.6,2.01E-03
1582.8,1.90E-03
1583,1.75E-03
1583.2,1.63E-03
1583.4,1.52E-03
1583.6,1.41E-03
1583.8,1.34E-03
1584,1.30E-03
1584.2,1.31E-03
1584.4,1.36E-03
1584.6,1.43E-03
1584.8,1.55E-03
1585,1.71E-03
1585.2,1.89E-03
1585.4,2.08E-03
1585.6,2.28E-03
1585.8,2.44E-03
1586,2.60E-03
1586.2,2.72E-03
1586.4,2.79E-03
1586.6,2.82E-03
1586.8,2.82E-03
1587,2.80E-03
1587.2,2.72E-03
1587.4,2.60E-03
1587.6,2.49E-03
1587.8,2.36E-03
1588,2.24E-03
1588.2,2.13E-03
1588.4,2.07E-03
1588.6,2.05E-03
1588.8,2.08E-03
1589,2.15E-03
1589.2,2.29E-03
1589.4,2.50E-03
1589.6,2.71E-03
1589.8,2.94E-03
1590,3.18E-03
1590.2,3.40E-03
1590.4,3.57E-03
1590.6,3.68E-03
1590.8,3.75E-03
1591,3.76E-03
1591.2,3.68E-03
1591.4,3.55E-03
1591.6,3.38E-03
1591.8,3.18E-03
1592,2.96E-03
1592.2,2.74E-03
1592.4,2.55E-03
1592.6,2.40E-03
1592.8,2.30E-03
1593,2.26E-03
1593.2,2.30E-03
1593.4,2.41E-03
1593.6,2.59E-03
1593.8,2.83E-03
1594,3.11E-03
1594.2,3.40E-03
1594.4,3.71E-03
1594.6,4.00E-03
1594.8,4.24E-03
1595,4.40E-03
1595.2,4.50E-03
1595.4,4.53E-03
1595.6,4.46E-03
1595.8,4.31E-03
1596,4.11E-03
1596.2,3.86E-03
1596.4,3.57E-03
1596.6,3.25E-03
1596.8,2.96E-03
1597,2.70E-03
1597.2,2.50E-03
1597.4,2.36E-03
1597.6,2.31E-03
1597.8,2.34E-03
1598,2.46E-03
1598.2,2.65E-03
1598.4,2.90E-03
1598.6,3.19E-03
1598.8,3.51E-03
1599,3.84E-03
1599.2,4.15E-03
1599.4,4.40E-03
1599.6,4.61E-03
1599.8,4.75E-03
1600,4.81E-03
1600.2,4.77E-03
1600.4,4.64E-03
1600.6,4.42E-03
1600.8,4.13E-03
1601,3.79E-03
1601.2,3.46E-03
1601.4,3.13E-03
1601.6,2.84E-03
1601.8,2.61E-03
1602,2.45E-03
1602.2,2.37E-03
1602.4,2.39E-03
1602.6,2.47E-03
1602.8,2.64E-03
1603,2.86E-03
1603.2,3.13E-03
1603.4,3.42E-03
1603.6,3.71E-03
1603.8,3.97E-03
1604,4.19E-03
1604.2,4.34E-03
1604.4,4.41E-03
1604.6,4.39E-03
1604.8,4.28E-03
1605,4.08E-03
1605.2,3.83E-03
1605.4,3.51E-03
1605.6,3.18E-03
1605.8,2.85E-03
1606,2.53E-03
1606.2,2.23E-03
1606.4,1.98E-03
1606.6,1.79E-03
1606.8,1.68E-03
1607,1.63E-03
1607.2,1.66E-03
1607.4,1.76E-03
1607.6,1.91E-03
1607.8,2.11E-03
1608,2.32E-03
1608.2,2.55E-03
1608.4,2.77E-03
1608.6,2.95E-03
1608.8,3.07E-03
1609,3.16E-03
1609.2,3.18E-03
1609.4,3.14E-03
1609.6,3.02E-03
1609.8,2.87E-03
1610,2.67E-03
1610.2,2.43E-03
1610.4,2.18E-03
1610.6,1.92E-03
1610.8,1.68E-03
1611,1.47E-03
1611.2,1.29E-03
1611.4,1.17E-03
1611.6,1.11E-03
1611.8,1.10E-03
1612,1.15E-03
1612.2,1.25E-03
1612.4,1.39E-03
1612.6,1.55E-03
1612.8,1.71E-03
1613,1.88E-03
1613.2,2.03E-03
1613.4,2.14E-03
1613.6,2.23E-03
1613.8,2.27E-03
1614,2.27E-03
1614.2,2.21E-03
1614.4,2.12E-03
1614.6,1.99E-03
1614.8,1.82E-03
1615,1.63E-03
1615.2,1.43E-03
1615.4,1.24E-03
1615.6,1.06E-03
1615.8,9.03E-04
1616,7.84E-04
1616.2,7.00E-04
1616.4,6.54E-04
1616.6,6.48E-04
1616.8,6.81E-04
1617,7.46E-04
1617.2,8.34E-04
1617.4,9.40E-04
1617.6,1.05E-03
1617.8,1.17E-03
1618,1.27E-03
1618.2,1.36E-03
1618.4,1.42E-03
1618.6,1.46E-03
1618.8,1.45E-03
1619,1.42E-03
1619.2,1.37E-03
1619.4,1.28E-03
1619.6,1.17E-03
1619.8,1.05E-03
1620,9.29E-04
1620.2,8.01E-04
1620.4,6.81E-04
1620.6,5.77E-04
1620.8,4.83E-04
1621,4.08E-04
1621.2,3.58E-04
1621.4,3.35E-04
1621.6,3.37E-04
1621.8,3.62E-04
1622,4.04E-04
1622.2,4.66E-04
1622.4,5.41E-04
1622.6,6.21E-04
1622.8,7.00E-04
1623,7.76E-04
1623.2,8.43E-04
1623.4,8.94E-04
1623.6,9.27E-04
1623.8,9.45E-04
1624,9.45E-04
1624.2,9.22E-04
1624.4,8.82E-04
1624.6,8.29E-04
1624.8,7.60E-04
1625,6.81E-04
1625.2,6.00E-04
1625.4,5.21E-04
1625.6,4.45E-04
1625.8,3.77E-04
1626,3.21E-04
1626.2,2.82E-04
1626.4,2.60E-04
1626.6,2.54E-04
1626.8,2.65E-04
1627,2.93E-04
1627.2,3.33E-04
1627.4,3.83E-04
1627.6,4.40E-04
1627.8,5.02E-04
1628,5.66E-04
1628.2,6.25E-04
1628.4,6.79E-04
1628.6,7.24E-04
1628.8,7.56E-04
1629,7.74E-04
1629.2,7.78E-04
1629.4,7.67E-04
1629.6,7.41E-04
1629.8,7.04E-04
1630,6.60E-04
1630.2,6.09E-04
1630.4,5.50E-04
1630.6,4.91E-04
1630.8,4.40E-04
1631,3.94E-04
1631.2,3.54E-04
1631.4,3.26E-04
1631.6,3.12E-04
1631.8,3.12E-04
1632,3.26E-04
1632.2,3.56E-04
1632.4,3.99E-04
1632.6,4.53E-04
1632.8,5.13E-04
1633,5.77E-04
1633.2,6.44E-04
1633.4,7.08E-04
1633.6,7.65E-04
1633.8,8.10E-04
1634,8.46E-04
1634.2,8.70E-04
1634.4,8.81E-04
1634.6,8.74E-04
1634.8,8.58E-04
1635,8.30E-04
1635.2,7.90E-04
1635.4,7.43E-04
1635.6,6.95E-04
1635.8,6.46E-04
1636,5.96E-04
1636.2,5.55E-04
1636.4,5.27E-04
1636.6,5.10E-04
1636.8,5.06E-04
1637,5.18E-04
1637.2,5.45E-04
1637.4,5.83E-04
1637.6,6.35E-04
1637.8,6.95E-04
1638,7.62E-04
1638.2,8.32E-04
1638.4,9.00E-04
1638.6,9.64E-04
1638.8,1.03E-03
1639,1.08E-03
1639.2,1.11E-03
1639.4,1.12E-03
1639.6,1.14E-03
1639.8,1.13E-03
1640,1.10E-03
1640.2,1.07E-03
1640.4,1.03E-03
1640.6,9.90E-04
1640.8,9.45E-04
1641,9.03E-04
1641.2,8.70E-04
1641.4,8.43E-04
1641.6,8.26E-04
1641.8,8.19E-04
1642,8.31E-04
1642.2,8.55E-04
1642.4,8.91E-04
1642.6,9.41E-04
1642.8,1.00E-03
1643,1.07E-03
1643.2,1.14E-03
1643.4,1.22E-03
1643.6,1.29E-03
1643.8,1.35E-03
1644,1.39E-03
1644.2,1.43E-03
1644.4,1.46E-03
1644.6,1.47E-03
1644.8,1.47E-03
1645,1.45E-03
1645.2,1.43E-03
1645.4,1.40E-03
1645.6,1.36E-03
1645.8,1.32E-03
1646,1.28E-03
1646.2,1.25E-03
1646.4,1.23E-03
1646.6,1.21E-03
1646.8,1.21E-03
1647,1.22E-03
1647.2,1.24E-03
1647.4,1.28E-03
1647.6,1.33E-03
1647.8,1.39E-03
1648,1.46E-03
1648.2,1.52E-03
1648.4,1.59E-03
1648.6,1.65E-03
1648.8,1.71E-03
1649,1.75E-03
1649.2,1.79E-03
1649.4,1.82E-03
1649.6,1.84E-03
1649.8,1.84E-03
1650,1.83E-03
1650.2,1.81E-03
1650.4,1.78E-03
1650.6,1.74E-03
1650.8,1.70E-03
1651,1.67E-03
1651.2,1.64E-03
1651.4,1.62E-03
1651.6,1.60E-03
1651.8,1.61E-03
1652,1.62E-03
1652.2,1.65E-03
1652.4,1.68E-03
1652.6,1.72E-03
1652.8,1.77E-03
1653,1.82E-03
1653.2,1.88E-03
1653.4,1.94E-03
1653.6,2.01E-03
1653.8,2.06E-03
1654,2.11E-03
1654.2,2.15E-03
1654.4,2.17E-03
1654.6,2.18E-03
1654.8,2.18E-03
1655,2.17E-03
1655.2,2.14E-03
1655.4,2.11E-03
1655.6,2.08E-03
1655.8,2.05E-03
1656,2.02E-03
1656.2,1.99E-03
1656.4,1.98E-03
1656.6,1.97E-03
1656.8,1.96E-03
1657,1.97E-03
1657.2,1.98E-03
1657.4,2.01E-03
1657.6,2.05E-03
1657.8,2.10E-03
1658,2.15E-03
1658.2,2.21E-03
1658.4,2.27E-03
1658.6,2.32E-03
1658.8,2.36E-03
1659,2.40E-03
1659.2,2.43E-03
1659.4,2.45E-03
1659.6,2.46E-03
1659.8,2.46E-03
1660,2.46E-03
1660.2,2.45E-03
1660.4,2.43E-03
1660.6,2.40E-03
1660.8,2.38E-03
1661,2.35E-03
1661.2,2.32E-03
1661.4,2.30E-03
1661.6,2.29E-03
1661.8,2.28E-03
1662,2.29E-03
1662.2,2.31E-03
1662.4,2.33E-03
1662.6,2.36E-03
1662.8,2.40E-03
1663,2.45E-03
1663.2,2.49E-03
1663.4,2.53E-03
1663.6,2.57E-03
1663.8,2.60E-03
1664,2.63E-03
1664.2,2.66E-03
1664.4,2.68E-03
1664.6,2.69E-03
1664.8,2.70E-03
1665,2.70E-03
1665.2,2.68E-03
1665.4,2.66E-03
1665.6,2.64E-03
1665.8,2.61E-03
1666,2.58E-03
1666.2,2.57E-03
1666.4,2.55E-03
1666.6,2.53E-03
1666.8,2.53E-03
1667,2.53E-03
1667.2,2.54E-03
1667.4,2.56E-03
1667.6,2.58E-03
1667.8,2.60E-03
1668,2.62E-03
1668.2,2.66E-03
1668.4,2.69E-03
1668.6,2.71E-03
1668.8,2.75E-03
1669,2.78E-03
1669.2,2.79E-03
1669.4,2.81E-03
1669.6,2.82E-03
1669.8,2.81E-03
1670,2.80E-03
1670.2,2.79E-03
1670.4,2.77E-03
1670.6,2.75E-03
1670.8,2.74E-03
1671,2.72E-03
1671.2,2.70E-03
1671.4,2.69E-03
1671.6,2.68E-03
1671.8,2.67E-03
1672,2.66E-03
1672.2,2.67E-03
1672.4,2.68E-03
1672.6,2.69E-03
1672.8,2.69E-03
1673,2.71E-03
1673.2,2.73E-03
1673.4,2.75E-03
1673.6,2.77E-03
1673.8,2.79E-03
1674,2.81E-03
1674.2,2.83E-03
1674.4,2.84E-03
1674.6,2.84E-03
1674.8,2.83E-03
1675,2.83E-03
1675.2,2.82E-03
1675.4,2.81E-03
1675.6,2.80E-03
1675.8,2.80E-03
1676,2.78E-03
1676.2,2.77E-03
1676.4,2.75E-03
1676.6,2.74E-03
1676.8,2.72E-03
1677,2.71E-03
1677.2,2.71E-03
1677.4,2.72E-03
1677.6,2.72E-03
1677.8,2.73E-03
1678,2.74E-03
1678.2,2.75E-03
1678.4,2.77E-03
1678.6,2.78E-03
1678.8,2.78E-03
1679,2.79E-03
1679.2,2.80E-03
1679.4,2.81E-03
1679.6,2.81E-03
1679.8,2.82E-03
1680,2.82E-03
1680.2,2.82E-03
1680.4,2.81E-03
1680.6,2.80E-03
1680.8,2.79E-03
1681,2.77E-03
1681.2,2.75E-03
1681.4,2.74E-03
1681.6,2.73E-03
1681.8,2.71E-03
1682,2.71E-03
1682.2,2.71E-03
1682.4,2.71E-03
1682.6,2.71E-03
1682.8,2.71E-03
1683,2.72E-03
1683.2,2.71E-03
1683.4,2.72E-03
1683.6,2.72E-03
1683.8,2.72E-03
1684,2.73E-03
1684.2,2.73E-03
1684.4,2.74E-03
1684.6,2.74E-03
1684.8,2.74E-03
1685,2.75E-03
1685.2,2.75E-03
1685.4,2.74E-03
1685.6,2.74E-03
1685.8,2.73E-03
1686,2.72E-03
1686.2,2.71E-03
1686.4,2.69E-03
1686.6,2.68E-03
1686.8,2.67E-03
1687,2.67E-03
1687.2,2.66E-03
1687.4,2.66E-03
1687.6,2.65E-03
1687.8,2.65E-03
1688,2.65E-03
1688.2,2.64E-03
1688.4,2.64E-03
1688.6,2.64E-03
1688.8,2.64E-03
1689,2.65E-03
1689.2,2.65E-03
1689.4,2.65E-03
1689.6,2.65E-03
1689.8,2.65E-03
1690,2.65E-03
1690.2,2.64E-03
1690.4,2.64E-03
1690.6,2.63E-03
1690.8,2.63E-03
1691,2.62E-03
1691.2,2.62E-03
1691.4,2.61E-03
1691.6,2.61E-03
1691.8,2.61E-03
1692,2.60E-03
1692.2,2.59E-03
1692.4,2.58E-03
1692.6,2.58E-03
1692.8,2.57E-03
1693,2.56E-03
1693.2,2.56E-03
1693.4,2.56E-03
1693.6,2.56E-03
1693.8,2.56E-03
1694,2.55E-03
1694.2,2.55E-03
1694.4,2.55E-03
1694.6,2.55E-03
1694.8,2.54E-03
1695,2.53E-03
1695.2,2.53E-03
1695.4,2.53E-03
1695.6,2.52E-03
1695.8,2.52E-03
1696,2.52E-03
1696.2,2.52E-03
1696.4,2.51E-03
1696.6,2.51E-03
1696.8,2.51E-03
1697,2.50E-03
1697.2,2.49E-03
1697.4,2.48E-03
1697.6,2.48E-03
1697.8,2.48E-03
1698,2.48E-03
1698.2,2.48E-03
1698.4,2.48E-03
1698.6,2.48E-03
1698.8,2.48E-03
1699,2.48E-03
1699.2,2.47E-03
1699.4,2.47E-03
1699.6,2.47E-03
1699.8,2.46E-03
1700,2.46E-03
1700.2,2.46E-03
1700.4,2.46E-03
1700.6,2.46E-03
1700.8,2.46E-03
1701,2.46E-03
1701.2,2.47E-03
1701.4,2.47E-03
1701.6,2.47E-03
1701.8,2.46E-03
1702,2.47E-03
1702.2,2.47E-03
1702.4,2.47E-03
1702.6,2.47E-03
1702.8,2.48E-03
1703,2.48E-03
1703.2,2.49E-03
1703.4,2.49E-03
1703.6,2.49E-03
1703.8,2.49E-03
1704,2.49E-03
1704.2,2.49E-03
1704.4,2.49E-03
1704.6,2.49E-03
1704.8,2.50E-03
1705,2.50E-03
1705.2,2.51E-03
1705.4,2.52E-03
1705.6,2.52E-03
1705.8,2.52E-03
1706,2.52E-03
1706.2,2.52E-03
1706.4,2.52E-03
1706.6,2.52E-03
1706.8,2.52E-03
1707,2.53E-03
1707.2,2.54E-03
1707.4,2.55E-03
1707.6,2.56E-03
1707.8,2.56E-03
1708,2.57E-03
1708.2,2.57E-03
1708.4,2.58E-03
1708.6,2.58E-03
1708.8,2.58E-03
1709,2.59E-03
1709.2,2.59E-03
1709.4,2.60E-03
1709.6,2.61E-03
1709.8,2.62E-03
1710,2.62E-03
1710.2,2.63E-03
1710.4,2.63E-03
1710.6,2.62E-03
1710.8,2.62E-03
1711,2.62E-03
1711.2,2.63E-03
1711.4,2.63E-03
1711.6,2.64E-03
1711.8,2.64E-03
1712,2.65E-03
1712.2,2.66E-03
1712.4,2.66E-03
1712.6,2.66E-03
1712.8,2.66E-03
1713,2.67E-03
1713.2,2.67E-03
1713.4,2.68E-03
1713.6,2.69E-03
1713.8,2.70E-03
1714,2.71E-03
1714.2,2.71E-03
1714.4,2.72E-03
1714.6,2.73E-03
1714.8,2.73E-03
1715,2.73E-03
1715.2,2.74E-03
1715.4,2.73E-03
1715.6,2.73E-03
1715.8,2.73E-03
1716,2.73E-03
1716.2,2.74E-03
1716.4,2.74E-03
1716.6,2.75E-03
1716.8,2.76E-03
1717,2.76E-03
1717.2,2.76E-03
1717.4,2.76E-03
1717.6,2.77E-03
1717.8,2.77E-03
1718,2.77E-03
1718.2,2.77E-03
1718.4,2.78E-03
1718.6,2.79E-03
1718.8,2.80E-03
1719,2.81E-03
1719.2,2.83E-03
1719.4,2.83E-03
1719.6,2.84E-03
1719.8,2.85E-03
1720,2.85E-03
1720.2,2.85E-03
1720.4,2.85E-03
1720.6,2.85E-03
1720.8,2.86E-03
1721,2.86E-03
1721.2,2.87E-03
1721.4,2.88E-03
1721.6,2.89E-03
1721.8,2.89E-03
1722,2.89E-03
1722.2,2.88E-03
1722.4,2.88E-03
1722.6,2.88E-03
1722.8,2.88E-03
1723,2.88E-03
1723.2,2.89E-03
1723.4,2.90E-03
1723.6,2.91E-03
1723.8,2.92E-03
1724,2.93E-03
1724.2,2.94E-03
1724.4,2.94E-03
1724.6,2.94E-03
1724.8,2.95E-03
1725,2.95E-03
1725.2,2.96E-03
1725.4,2.97E-03
1725.6,2.98E-03
1725.8,2.98E-03
1726,2.99E-03
1726.2,3.00E-03
1726.4,3.00E-03
1726.6,3.00E-03
1726.8,3.00E-03
1727,3.00E-03
1727.2,3.01E-03
1727.4,3.00E-03
1727.6,3.01E-03
1727.8,3.01E-03
1728,3.02E-03
1728.2,3.03E-03
1728.4,3.03E-03
1728.6,3.04E-03
1728.8,3.05E-03
1729,3.05E-03
1729.2,3.05E-03
1729.4,3.06E-03
1729.6,3.06E-03
1729.8,3.07E-03
1730,3.08E-03
1730.2,3.09E-03
1730.4,3.11E-03
1730.6,3.12E-03
1730.8,3.13E-03
1731,3.15E-03
1731.2,3.15E-03
1731.4,3.15E-03
1731.6,3.15E-03
1731.8,3.15E-03
1732,3.15E-03
1732.2,3.15E-03
1732.4,3.16E-03
1732.6,3.17E-03
1732.8,3.18E-03
1733,3.19E-03
1733.2,3.20E-03
1733.4,3.20E-03
1733.6,3.20E-03
1733.8,3.21E-03
1734,3.21E-03
1734.2,3.21E-03
1734.4,3.21E-03
1734.6,3.22E-03
1734.8,3.23E-03
1735,3.25E-03
1735.2,3.26E-03
1735.4,3.27E-03
1735.6,3.29E-03
1735.8,3.30E-03
1736,3.31E-03
1736.2,3.31E-03
1736.4,3.31E-03
1736.6,3.31E-03
1736.8,3.31E-03
1737,3.32E-03
1737.2,3.33E-03
1737.4,3.34E-03
1737.6,3.35E-03
1737.8,3.36E-03
1738,3.36E-03
1738.2,3.36E-03
1738.4,3.36E-03
1738.6,3.36E-03
1738.8,3.35E-03
1739,3.35E-03
1739.2,3.35E-03
1739.4,3.36E-03
1739.6,3.37E-03
1739.8,3.38E-03
1740,3.39E-03
1740.2,3.40E-03
1740.4,3.41E-03
1740.6,3.42E-03
1740.8,3.42E-03
1741,3.42E-03
1741.2,3.42E-03
1741.4,3.42E-03
1741.6,3.43E-03
1741.8,3.43E-03
1742,3.44E-03
1742.2,3.45E-03
1742.4,3.46E-03
1742.6,3.47E-03
1742.8,3.47E-03
1743,3.47E-03
1743.2,3.47E-03
1743.4,3.47E-03
1743.6,3.46E-03
1743.8,3.46E-03
1744,3.45E-03
1744.2,3.45E-03
1744.4,3.46E-03
1744.6,3.47E-03
1744.8,3.47E-03
1745,3.48E-03
1745.2,3.48E-03
1745.4,3.48E-03
1745.6,3.48E-03
1745.8,3.48E-03
1746,3.48E-03
1746.2,3.48E-03
1746.4,3.48E-03
1746.6,3.49E-03
1746.8,3.50E-03
1747,3.51E-03
1747.2,3.52E-03
1747.4,3.52E-03
1747.6,3.53E-03
1747.8,3.53E-03
1748,3.52E-03
1748.2,3.52E-03
1748.4,3.52E-03
1748.6,3.51E-03
1748.8,3.51E-03
1749,3.51E-03
1749.2,3.51E-03
1749.4,3.52E-03
1749.6,3.52E-03
1749.8,3.52E-03
1750,3.53E-03
1750.2,3.53E-03
1750.4,3.52E-03
1750.6,3.51E-03
1750.8,3.50E-03
1751,3.49E-03
1751.2,3.49E-03
1751.4,3.49E-03
1751.6,3.50E-03
1751.8,3.52E-03
1752,3.53E-03
1752.2,3.54E-03
1752.4,3.54E-03
1752.6,3.54E-03
1752.8,3.53E-03
1753,3.52E-03
1753.2,3.51E-03
1753.4,3.51E-03
1753.6,3.51E-03
1753.8,3.51E-03
1754,3.51E-03
1754.2,3.52E-03
1754.4,3.53E-03
1754.6,3.53E-03
1754.8,3.52E-03
1755,3.52E-03
1755.2,3.51E-03
1755.4,3.50E-03
1755.6,3.49E-03
1755.8,3.48E-03
1756,3.48E-03
1756.2,3.48E-03
1756.4,3.48E-03
1756.6,3.49E-03
1756.8,3.49E-03
1757,3.49E-03
1757.2,3.49E-03
1757.4,3.49E-03
1757.6,3.49E-03
1757.8,3.48E-03
1758,3.48E-03
1758.2,3.48E-03
1758.4,3.47E-03
1758.6,3.47E-03
1758.8,3.48E-03
1759,3.48E-03
1759.2,3.49E-03
1759.4,3.49E-03
1759.6,3.50E-03
1759.8,3.49E-03
1760,3.48E-03
1760.2,3.47E-03
1760.4,3.46E-03
1760.6,3.45E-03
1760.8,3.45E-03
1761,3.44E-03
1761.2,3.45E-03
1761.4,3.45E-03
1761.6,3.45E-03
1761.8,3.46E-03
1762,3.46E-03
1762.2,3.45E-03
1762.4,3.44E-03
1762.6,3.43E-03
1762.8,3.42E-03
1763,3.42E-03
1763.2,3.41E-03
1763.4,3.41E-03
1763.6,3.42E-03
1763.8,3.43E-03
1764,3.44E-03
1764.2,3.44E-03
1764.4,3.44E-03
1764.6,3.44E-03
1764.8,3.43E-03
1765,3.42E-03
1765.2,3.40E-03
1765.4,3.39E-03
1765.6,3.38E-03
1765.8,3.38E-03
1766,3.38E-03
1766.2,3.38E-03
1766.4,3.39E-03
1766.6,3.39E-03
1766.8,3.40E-03
1767,3.39E-03
1767.2,3.39E-03
1767.4,3.38E-03
1767.6,3.37E-03
1767.8,3.36E-03
1768,3.35E-03
1768.2,3.35E-03
1768.4,3.35E-03
1768.6,3.35E-03
1768.8,3.36E-03
1769,3.36E-03
1769.2,3.36E-03
1769.4,3.36E-03
1769.6,3.35E-03
1769.8,3.35E-03
1770,3.34E-03
1770.2,3.34E-03
1770.4,3.33E-03
1770.6,3.33E-03
1770.8,3.33E-03
1771,3.33E-03
1771.2,3.33E-03
1771.4,3.33E-03
1771.6,3.33E-03
1771.8,3.33E-03
1772,3.32E-03
1772.2,3.31E-03
1772.4,3.30E-03
1772.6,3.29E-03
1772.8,3.29E-03
1773,3.28E-03
1773.2,3.28E-03
1773.4,3.28E-03
1773.6,3.29E-03
1773.8,3.29E-03
1774,3.29E-03
1774.2,3.29E-03
1774.4,3.28E-03
1774.6,3.28E-03
1774.8,3.27E-03
1775,3.26E-03
1775.2,3.25E-03
1775.4,3.24E-03
1775.6,3.24E-03
1775.8,3.24E-03
1776,3.25E-03
1776.2,3.26E-03
1776.4,3.26E-03
1776.6,3.26E-03
1776.8,3.26E-03
1777,3.26E-03
1777.2,3.25E-03
1777.4,3.24E-03
1777.6,3.23E-03
1777.8,3.22E-03
1778,3.21E-03
1778.2,3.21E-03
1778.4,3.21E-03
1778.6,3.22E-03
1778.8,3.22E-03
1779,3.22E-03
1779.2,3.22E-03
1779.4,3.22E-03
1779.6,3.21E-03
1779.8,3.20E-03
1780,3.18E-03
1780.2,3.18E-03
1780.4,3.17E-03
1780.6,3.17E-03
1780.8,3.17E-03
1781,3.17E-03
1781.2,3.18E-03
1781.4,3.18E-03
1781.6,3.18E-03
1781.8,3.18E-03
1782,3.18E-03
1782.2,3.17E-03
1782.4,3.17E-03
1782.6,3.16E-03
1782.8,3.15E-03
1783,3.14E-03
1783.2,3.14E-03
1783.4,3.14E-03
1783.6,3.14E-03
1783.8,3.15E-03
1784,3.14E-03
1784.2,3.13E-03
1784.4,3.11E-03
1784.6,3.10E-03
1784.8,3.09E-03
1785,3.09E-03
1785.2,3.08E-03
1785.4,3.08E-03
1785.6,3.08E-03
1785.8,3.08E-03
1786,3.08E-03
1786.2,3.09E-03
1786.4,3.09E-03
1786.6,3.09E-03
1786.8,3.08E-03
1787,3.07E-03
1787.2,3.06E-03
1787.4,3.05E-03
1787.6,3.05E-03
1787.8,3.05E-03
1788,3.05E-03
1788.2,3.05E-03
1788.4,3.05E-03
1788.6,3.05E-03
1788.8,3.06E-03
1789,3.05E-03
1789.2,3.05E-03
1789.4,3.05E-03
1789.6,3.04E-03
1789.8,3.02E-03
1790,3.01E-03
1790.2,3.00E-03
1790.4,2.99E-03
1790.6,2.99E-03
1790.8,2.99E-03
1791,2.99E-03
1791.2,2.99E-03
1791.4,2.99E-03
1791.6,2.99E-03
1791.8,2.98E-03
1792,2.97E-03
1792.2,2.97E-03
1792.4,2.95E-03
1792.6,2.95E-03
1792.8,2.94E-03
1793,2.94E-03
1793.2,2.94E-03
1793.4,2.94E-03
1793.6,2.93E-03
1793.8,2.93E-03
1794,2.93E-03
1794.2,2.93E-03
1794.4,2.93E-03
1794.6,2.93E-03
1794.8,2.91E-03
1795,2.90E-03
1795.2,2.89E-03
1795.4,2.88E-03
1795.6,2.88E-03
1795.8,2.88E-03
1796,2.89E-03
1796.2,2.89E-03
1796.4,2.88E-03
1796.6,2.87E-03
1796.8,2.86E-03
1797,2.86E-03
1797.2,2.85E-03
1797.4,2.84E-03
1797.6,2.84E-03
1797.8,2.84E-03
1798,2.83E-03
1798.2,2.83E-03
1798.4,2.83E-03
1798.6,2.83E-03
1798.8,2.84E-03
1799,2.84E-03
1799.2,2.83E-03
1799.4,2.81E-03
1799.6,2.80E-03
1799.8,2.79E-03
1800,2.76E-03
1800.2,2.75E-03
1800.4,2.74E-03
1800.6,2.73E-03
1800.8,2.69E-03
1801,2.70E-03
1801.2,2.71E-03
1801.4,2.71E-03
1801.6,2.72E-03
1801.8,2.73E-03
1802,2.73E-03
1802.2,2.72E-03
1802.4,2.69E-03
1802.6,2.68E-03
1802.8,2.69E-03
1803,2.69E-03
1803.2,2.69E-03
1803.4,2.70E-03
1803.6,2.70E-03
1803.8,2.70E-03
1804,2.70E-03
1804.2,2.71E-03
1804.4,2.70E-03
1804.6,2.71E-03
1804.8,2.70E-03
1805,2.69E-03
1805.2,2.67E-03
1805.4,2.65E-03
1805.6,2.64E-03
1805.8,2.58E-03
1806,2.54E-03
1806.2,2.55E-03
1806.4,2.56E-03
1806.6,2.57E-03
1806.8,2.59E-03
1807,2.62E-03
1807.2,2.62E-03
1807.4,2.61E-03
1807.6,2.60E-03
1807.8,2.60E-03
1808,2.60E-03
1808.2,2.60E-03
1808.4,2.60E-03
1808.6,2.59E-03
1808.8,2.58E-03
1809,2.58E-03
1809.2,2.59E-03
1809.4,2.59E-03
1809.6,2.60E-03
1809.8,2.60E-03
1810,2.58E-03
1810.2,2.55E-03
1810.4,2.53E-03
1810.6,2.48E-03
1810.8,2.43E-03
1811,2.43E-03
1811.2,2.46E-03
1811.4,2.46E-03
1811.6,2.49E-03
1811.8,2.51E-03
1812,2.53E-03
1812.2,2.50E-03
1812.4,2.44E-03
1812.6,2.40E-03
1812.8,2.41E-03
1813,2.41E-03
1813.2,2.40E-03
1813.4,2.44E-03
1813.6,2.48E-03
1813.8,2.49E-03
1814,2.49E-03
1814.2,2.50E-03
1814.4,2.50E-03
1814.6,2.47E-03
1814.8,2.46E-03
1815,2.43E-03
1815.2,2.31E-03
1815.4,2.26E-03
1815.6,2.26E-03
1815.8,2.25E-03
1816,2.23E-03
1816.2,2.30E-03
1816.4,2.39E-03
1816.6,2.35E-03
1816.8,2.35E-03
1817,2.37E-03
1817.2,2.38E-03
1817.4,2.37E-03
1817.6,2.40E-03
1817.8,2.41E-03
1818,2.37E-03
1818.2,2.33E-03
1818.4,2.30E-03
1818.6,2.30E-03
1818.8,2.29E-03
1819,2.30E-03
1819.2,2.35E-03
1819.4,2.37E-03
1819.6,2.37E-03
1819.8,2.31E-03
1820,2.16E-03
1820.2,2.02E-03
1820.4,1.96E-03
1820.6,1.94E-03
1820.8,1.94E-03
1821,2.01E-03
1821.2,2.10E-03
1821.4,2.17E-03
1821.6,2.12E-03
1821.8,2.07E-03
1822,2.07E-03
1822.2,2.13E-03
1822.4,2.11E-03
1822.6,2.14E-03
1822.8,2.23E-03
1823,2.24E-03
1823.2,2.24E-03
1823.4,2.27E-03
1823.6,2.28E-03
1823.8,2.27E-03
1824,2.27E-03
1824.2,2.27E-03
1824.4,2.26E-03
1824.6,2.25E-03
1824.8,2.25E-03
1825,2.24E-03
1825.2,2.24E-03
1825.4,2.23E-03
1825.6,2.21E-03
1825.8,2.05E-03
1826,1.84E-03
1826.2,1.77E-03
1826.4,1.76E-03
1826.6,1.76E-03
1826.8,1.82E-03
1827,2.05E-03
1827.2,2.18E-03
1827.4,2.20E-03
1827.6,2.20E-03
1827.8,2.15E-03
1828,2.10E-03
1828.2,2.09E-03
1828.4,2.04E-03
1828.6,1.92E-03
1828.8,1.92E-03
1829,1.98E-03
1829.2,1.99E-03
1829.4,2.00E-03
1829.6,2.06E-03
1829.8,2.01E-03
1830,2.00E-03
1830.2,2.00E-03
1830.4,1.99E-03
1830.6,1.97E-03
1830.8,1.89E-03
1831,1.85E-03
1831.2,1.84E-03
1831.4,1.84E-03
1831.6,1.84E-03
1831.8,1.95E-03
1832,2.09E-03
1832.2,2.03E-03
1832.4,1.97E-03
1832.6,1.97E-03
1832.8,1.95E-03
1833,1.95E-03
1833.2,1.98E-03
1833.4,2.07E-03
1833.6,2.07E-03
1833.8,2.07E-03
1834,2.07E-03
1834.2,2.06E-03
1834.4,2.04E-03
1834.6,1.91E-03
1834.8,1.83E-03
1835,1.81E-03
1835.2,1.82E-03
1835.4,1.81E-03
1835.6,1.85E-03
1835.8,1.86E-03
1836,1.72E-03
1836.2,1.66E-03
1836.4,1.65E-03
1836.6,1.66E-03
1836.8,1.72E-03
1837,1.82E-03
1837.2,1.86E-03
1837.4,1.76E-03
1837.6,1.62E-03
1837.8,1.60E-03
1838,1.62E-03
1838.2,1.71E-03
1838.4,1.77E-03
1838.6,1.94E-03
1838.8,1.99E-03
1839,1.99E-03
1839.2,1.98E-03
1839.4,1.87E-03
1839.6,1.70E-03
1839.8,1.66E-03
1840,1.61E-03
1840.2,1.60E-03
1840.4,1.65E-03
1840.6,1.84E-03
1840.8,1.91E-03
1841,1.90E-03
1841.2,1.83E-03
1841.4,1.78E-03
1841.6,1.59E-03
1841.8,1.51E-03
1842,1.48E-03
1842.2,1.51E-03
1842.4,1.57E-03
1842.6,1.68E-03
1842.8,1.84E-03
1843,1.86E-03
1843.2,1.91E-03
1843.4,1.94E-03
1843.6,1.92E-03
1843.8,1.91E-03
1844,1.91E-03
1844.2,1.93E-03
1844.4,1.93E-03
1844.6,1.94E-03
1844.8,1.95E-03
1845,1.95E-03
1845.2,1.95E-03
1845.4,1.94E-03
1845.6,1.94E-03
1845.8,1.94E-03
1846,1.91E-03
1846.2,1.88E-03
1846.4,1.85E-03
1846.6,1.66E-03
1846.8,1.48E-03
1847,1.46E-03
1847.2,1.47E-03
1847.4,1.46E-03
1847.6,1.42E-03
1847.8,1.52E-03
1848,1.55E-03
1848.2,1.45E-03
1848.4,1.42E-03
1848.6,1.50E-03
1848.8,1.65E-03
1849,1.69E-03
1849.2,1.77E-03
1849.4,1.86E-03
1849.6,1.86E-03
1849.8,1.86E-03
1850,1.84E-03
1850.2,1.79E-03
1850.4,1.78E-03
1850.6,1.78E-03
1850.8,1.78E-03
1851,1.79E-03
1851.2,1.86E-03
1851.4,1.87E-03
1851.6,1.88E-03
1851.8,1.89E-03
1852,1.88E-03
1852.2,1.87E-03
1852.4,1.85E-03
1852.6,1.72E-03
1852.8,1.67E-03
1853,1.66E-03
1853.2,1.65E-03
1853.4,1.61E-03
1853.6,1.50E-03
1853.8,1.52E-03
1854,1.52E-03
1854.2,1.52E-03
1854.4,1.54E-03
1854.6,1.68E-03
1854.8,1.81E-03
1855,1.83E-03
1855.2,1.83E-03
1855.4,1.83E-03
1855.6,1.83E-03
1855.8,1.83E-03
1856,1.81E-03
1856.2,1.69E-03
1856.4,1.55E-03
1856.6,1.53E-03
1856.8,1.53E-03
1857,1.51E-03
1857.2,1.54E-03
1857.4,1.71E-03
1857.6,1.75E-03
1857.8,1.76E-03
1858,1.76E-03
1858.2,1.80E-03
1858.4,1.81E-03
1858.6,1.81E-03
1858.8,1.80E-03
1859,1.79E-03
1859.2,1.71E-03
1859.4,1.52E-03
1859.6,1.47E-03
1859.8,1.46E-03
1860,1.43E-03
1860.2,1.39E-03
1860.4,1.49E-03
1860.6,1.58E-03
1860.8,1.59E-03
1861,1.60E-03
1861.2,1.66E-03
1861.4,1.75E-03
1861.6,1.78E-03
1861.8,1.79E-03
1862,1.79E-03
1862.2,1.79E-03
1862.4,1.78E-03
1862.6,1.78E-03
1862.8,1.76E-03
1863,1.76E-03
1863.2,1.75E-03
1863.4,1.76E-03
1863.6,1.74E-03
1863.8,1.67E-03
1864,1.64E-03
1864.2,1.60E-03
1864.4,1.59E-03
1864.6,1.59E-03
1864.8,1.64E-03
1865,1.68E-03
1865.2,1.72E-03
1865.4,1.74E-03
1865.6,1.74E-03
1865.8,1.76E-03
1866,1.76E-03
1866.2,1.75E-03
1866.4,1.74E-03
1866.6,1.74E-03
1866.8,1.72E-03
1867,1.65E-03
1867.2,1.58E-03
1867.4,1.45E-03
1867.6,1.36E-03
1867.8,1.24E-03
1868,1.24E-03
1868.2,1.30E-03
1868.4,1.40E-03
1868.6,1.49E-03
1868.8,1.60E-03
1869,1.65E-03
1869.2,1.55E-03
1869.4,1.52E-03
1869.6,1.51E-03
1869.8,1.49E-03
1870,1.49E-03
1870.2,1.56E-03
1870.4,1.50E-03
1870.6,1.30E-03
1870.8,1.23E-03
1871,1.18E-03
1871.2,1.15E-03
1871.4,1.16E-03
1871.6,1.35E-03
1871.8,1.48E-03
1872,1.53E-03
1872.2,1.58E-03
1872.4,1.60E-03
1872.6,1.47E-03
1872.8,1.30E-03
1873,1.21E-03
1873.2,1.17E-03
1873.4,1.15E-03
1873.6,1.13E-03
1873.8,1.30E-03
1874,1.41E-03
1874.2,1.46E-03
1874.4,1.48E-03
1874.6,1.57E-03
1874.8,1.59E-03
1875,1.49E-03
1875.2,1.46E-03
1875.4,1.46E-03
1875.6,1.45E-03
1875.8,1.46E-03
1876,1.53E-03
1876.2,1.59E-03
1876.4,1.58E-03
1876.6,1.44E-03
1876.8,1.34E-03
1877,1.31E-03
1877.2,1.30E-03
1877.4,1.31E-03
1877.6,1.38E-03
1877.8,1.52E-03
1878,1.56E-03
1878.2,1.57E-03
1878.4,1.57E-03
1878.6,1.57E-03
1878.8,1.58E-03
1879,1.59E-03
1879.2,1.59E-03
1879.4,1.58E-03
1879.6,1.58E-03
1879.8,1.57E-03
1880,1.56E-03
1880.2,1.55E-03
1880.4,1.54E-03
1880.6,1.50E-03
1880.8,1.48E-03
1881,1.48E-03
1881.2,1.48E-03
1881.4,1.48E-03
1881.6,1.51E-03
1881.8,1.53E-03
1882,1.54E-03
1882.2,1.54E-03
1882.4,1.55E-03
1882.6,1.54E-03
1882.8,1.54E-03
1883,1.53E-03
1883.2,1.52E-03
1883.4,1.51E-03
1883.6,1.43E-03
1883.8,1.33E-03
1884,1.31E-03
1884.2,1.31E-03
1884.4,1.31E-03
1884.6,1.34E-03
1884.8,1.46E-03
1885,1.50E-03
1885.2,1.48E-03
1885.4,1.47E-03
1885.6,1.46E-03
1885.8,1.46E-03
1886,1.45E-03
1886.2,1.46E-03
1886.4,1.43E-03
1886.6,1.40E-03
1886.8,1.40E-03
1887,1.40E-03
1887.2,1.40E-03
1887.4,1.42E-03
1887.6,1.46E-03
1887.8,1.46E-03
1888,1.46E-03
1888.2,1.46E-03
1888.4,1.45E-03
1888.6,1.45E-03
1888.8,1.45E-03
1889,1.44E-03
1889.2,1.43E-03
1889.4,1.42E-03
1889.6,1.40E-03
1889.8,1.28E-03
1890,1.22E-03
1890.2,1.21E-03
1890.4,1.21E-03
1890.6,1.22E-03
1890.8,1.29E-03
1891,1.39E-03
1891.2,1.40E-03
1891.4,1.39E-03
1891.6,1.38E-03
1891.8,1.30E-03
1892,1.27E-03
1892.2,1.27E-03
1892.4,1.27E-03
1892.6,1.27E-03
1892.8,1.32E-03
1893,1.37E-03
1893.2,1.37E-03
1893.4,1.32E-03
1893.6,1.29E-03
1893.8,1.29E-03
1894,1.28E-03
1894.2,1.28E-03
1894.4,1.30E-03
1894.6,1.35E-03
1894.8,1.35E-03
1895,1.35E-03
1895.2,1.35E-03
1895.4,1.36E-03
1895.6,1.36E-03
1895.8,1.35E-03
1896,1.35E-03
1896.2,1.34E-03
1896.4,1.34E-03
1896.6,1.34E-03
1896.8,1.33E-03
1897,1.33E-03
1897.2,1.32E-03
1897.4,1.25E-03
1897.6,1.22E-03
1897.8,1.21E-03
1898,1.21E-03
1898.2,1.21E-03
1898.4,1.24E-03
1898.6,1.24E-03
1898.8,1.24E-03
1899,1.22E-03
1899.2,1.11E-03
1899.4,1.02E-03
1899.6,1.04E-03
1899.8,1.05E-03
1900,1.03E-03
1900.2,1.01E-03
1900.4,1.12E-03
1900.6,1.14E-03
1900.8,1.14E-03
1901,1.16E-03
1901.2,1.23E-03
1901.4,1.26E-03
1901.6,1.27E-03
1901.8,1.27E-03
1902,1.26E-03
1902.2,1.25E-03
1902.4,1.20E-03
1902.6,1.08E-03
1902.8,1.04E-03
1903,1.03E-03
1903.2,1.03E-03
1903.4,1.06E-03
1903.6,1.17E-03
1903.8,1.23E-03
1904,1.24E-03
1904.2,1.22E-03
1904.4,1.22E-03
1904.6,1.21E-03
1904.8,1.14E-03
1905,1.02E-03
1905.2,9.73E-04
1905.4,9.53E-04
1905.6,9.37E-04
1905.8,9.57E-04
1906,1.07E-03
1906.2,1.07E-03
1906.4,1.04E-03
1906.6,9.81E-04
1906.8,9.86E-04
1907,9.91E-04
1907.2,1.02E-03
1907.4,1.09E-03
1907.6,1.17E-03
1907.8,1.19E-03
1908,1.19E-03
1908.2,1.19E-03
1908.4,1.17E-03
1908.6,1.15E-03
1908.8,1.15E-03
1909,1.14E-03
1909.2,1.15E-03
1909.4,1.15E-03
1909.6,1.17E-03
1909.8,1.17E-03
1910,1.16E-03
1910.2,1.12E-03
1910.4,1.12E-03
1910.6,1.11E-03
1910.8,1.10E-03
1911,1.07E-03
1911.2,1.05E-03
1911.4,1.02E-03
1911.6,1.02E-03
1911.8,1.02E-03
1912,1.04E-03
1912.2,1.07E-03
1912.4,1.13E-03
1912.6,1.13E-03
1912.8,1.11E-03
1913,1.06E-03
1913.2,9.87E-04
1913.4,9.11E-04
1913.6,8.98E-04
1913.8,8.96E-04
1914,9.20E-04
1914.2,9.61E-04
1914.4,1.04E-03
1914.6,1.06E-03
1914.8,1.06E-03
1915,1.08E-03
1915.2,1.09E-03
1915.4,1.10E-03
1915.6,1.09E-03
1915.8,1.05E-03
1916,1.03E-03
1916.2,1.01E-03
1916.4,1.00E-03
1916.6,1.00E-03
1916.8,1.04E-03
1917,1.05E-03
1917.2,1.07E-03
1917.4,1.08E-03
1917.6,1.09E-03
1917.8,1.09E-03
1918,1.09E-03
1918.2,1.09E-03
1918.4,1.09E-03
1918.6,1.09E-03
1918.8,1.08E-03
1919,1.08E-03
1919.2,1.05E-03
1919.4,9.64E-04
1919.6,9.38E-04
1919.8,9.26E-04
1920,9.07E-04
1920.2,8.19E-04
1920.4,8.20E-04
1920.6,8.12E-04
1920.8,8.11E-04
1921,8.18E-04
1921.2,8.80E-04
1921.4,9.82E-04
1921.6,1.02E-03
1921.8,1.05E-03
1922,1.05E-03
1922.2,1.05E-03
1922.4,1.05E-03
1922.6,1.05E-03
1922.8,1.05E-03
1923,1.05E-03
1923.2,1.05E-03
1923.4,1.03E-03
1923.6,9.95E-04
1923.8,9.46E-04
1924,9.27E-04
1924.2,9.24E-04
1924.4,9.27E-04
1924.6,9.61E-04
1924.8,9.98E-04
1925,1.03E-03
1925.2,1.03E-03
1925.4,1.03E-03
1925.6,1.03E-03
1925.8,1.02E-03
1926,1.02E-03
1926.2,1.02E-03
1926.4,1.01E-03
1926.6,9.89E-04
1926.8,9.68E-04
1927,9.61E-04
1927.2,9.58E-04
1927.4,9.65E-04
1927.6,9.79E-04
1927.8,1.00E-03
1928,9.92E-04
1928.2,9.31E-04
1928.4,9.05E-04
1928.6,9.00E-04
1928.8,8.99E-04
1929,9.08E-04
1929.2,9.60E-04
1929.4,1.00E-03
1929.6,1.00E-03
1929.8,9.83E-04
1930,9.75E-04
1930.2,9.72E-04
1930.4,9.66E-04
1930.6,9.58E-04
1930.8,9.60E-04
1931,9.70E-04
1931.2,9.68E-04
1931.4,9.59E-04
1931.6,9.58E-04
1931.8,9.68E-04
1932,9.71E-04
1932.2,9.74E-04
1932.4,9.75E-04
1932.6,9.82E-04
1932.8,9.82E-04
1933,9.82E-04
1933.2,9.80E-04
1933.4,9.75E-04
1933.6,9.45E-04
1933.8,9.37E-04
1934,9.31E-04
1934.2,9.27E-04
1934.4,9.29E-04
1934.6,9.57E-04
1934.8,9.71E-04
1935,9.71E-04
1935.2,9.71E-04
1935.4,9.70E-04
1935.6,9.70E-04
1935.8,9.70E-04
1936,9.51E-04
1936.2,9.13E-04
1936.4,9.08E-04
1936.6,9.04E-04
1936.8,9.01E-04
1937,9.04E-04
1937.2,9.44E-04
1937.4,9.49E-04
1937.6,9.35E-04
1937.8,9.32E-04
1938,9.32E-04
1938.2,9.33E-04
1938.4,9.33E-04
1938.6,9.30E-04
1938.8,9.18E-04
1939,9.14E-04
1939.2,8.94E-04
1939.4,8.79E-04
1939.6,8.85E-04
1939.8,9.05E-04
1940,9.06E-04
1940.2,9.15E-04
1940.4,9.26E-04
1940.6,9.24E-04
1940.8,9.23E-04
1941,9.18E-04
1941.2,9.11E-04
1941.4,9.13E-04
1941.6,9.19E-04
1941.8,9.19E-04
1942,9.19E-04
1942.2,9.28E-04
1942.4,9.27E-04
1942.6,9.25E-04
1942.8,9.22E-04
1943,9.18E-04
1943.2,9.10E-04
1943.4,9.07E-04
1943.6,9.05E-04
1943.8,9.03E-04
1944,9.03E-04
1944.2,9.04E-04
1944.4,8.84E-04
1944.6,8.78E-04
1944.8,8.78E-04
1945,8.76E-04
1945.2,8.75E-04
1945.4,8.91E-04
1945.6,9.00E-04
1945.8,8.98E-04
1946,8.96E-04
1946.2,8.95E-04
1946.4,8.94E-04
1946.6,8.92E-04
1946.8,8.91E-04
1947,8.87E-04
1947.2,8.85E-04
1947.4,8.85E-04
1947.6,8.82E-04
1947.8,8.78E-04
1948,8.78E-04
1948.2,8.76E-04
1948.4,8.72E-04
1948.6,8.70E-04
1948.8,8.75E-04
1949,8.72E-04
1949.2,8.72E-04
1949.4,8.72E-04
1949.6,8.70E-04
1949.8,8.71E-04
1950,8.72E-04
1950.2,8.71E-04
1950.4,8.72E-04
1950.6,8.72E-04
1950.8,8.69E-04
1951,8.69E-04
1951.2,8.67E-04
1951.4,8.64E-04
1951.6,8.63E-04
1951.8,8.60E-04
1952,8.57E-04
1952.2,8.54E-04
1952.4,8.53E-04
1952.6,8.51E-04
1952.8,8.42E-04
1953,8.36E-04
1953.2,8.37E-04
1953.4,8.37E-04
1953.6,8.37E-04
1953.8,8.38E-04
1954,8.42E-04
1954.2,8.40E-04
1954.4,8.38E-04
1954.6,8.34E-04
1954.8,8.33E-04
1955,8.32E-04
1955.2,8.29E-04
1955.4,8.27E-04
1955.6,8.26E-04
1955.8,8.24E-04
1956,8.23E-04
1956.2,8.25E-04
1956.4,8.25E-04
1956.6,8.24E-04
1956.8,8.22E-04
1957,8.22E-04
1957.2,8.19E-04
1957.4,8.16E-04
1957.6,8.12E-04
1957.8,8.10E-04
1958,8.07E-04
1958.2,8.06E-04
1958.4,8.04E-04
1958.6,8.03E-04
1958.8,8.02E-04
1959,8.01E-04
1959.2,8.00E-04
1959.4,7.99E-04
1959.6,7.98E-04
1959.8,7.99E-04
1960,7.99E-04
1960.2,7.97E-04
1960.4,7.93E-04
1960.6,7.89E-04
1960.8,7.86E-04
1961,7.82E-04
1961.2,7.81E-04
1961.4,7.80E-04
1961.6,7.77E-04
1961.8,7.76E-04
1962,7.76E-04
1962.2,7.74E-04
1962.4,7.71E-04
1962.6,7.73E-04
1962.8,7.71E-04
1963,7.68E-04
1963.2,7.65E-04
1963.4,7.62E-04
1963.6,7.59E-04
1963.8,7.57E-04
1964,7.56E-04
1964.2,7.54E-04
1964.4,7.54E-04
1964.6,7.53E-04
1964.8,7.51E-04
1965,7.50E-04
1965.2,7.51E-04
1965.4,7.50E-04
1965.6,7.50E-04
1965.8,7.49E-04
1966,7.48E-04
1966.2,7.45E-04
1966.4,7.43E-04
1966.6,7.39E-04
1966.8,7.36E-04
1967,7.33E-04
1967.2,7.31E-04
1967.4,7.29E-04
1967.6,7.27E-04
1967.8,7.26E-04
1968,7.26E-04
1968.2,7.26E-04
1968.4,7.25E-04
1968.6,7.26E-04
1968.8,7.24E-04
1969,7.22E-04
1969.2,7.20E-04
1969.4,7.18E-04
1969.6,7.16E-04
1969.8,7.14E-04
1970,7.12E-04
1970.2,7.08E-04
1970.4,7.07E-04
1970.6,7.04E-04
1970.8,7.02E-04
1971,7.01E-04
1971.2,7.00E-04
1971.4,6.99E-04
1971.6,6.99E-04
1971.8,6.98E-04
1972,6.97E-04
1972.2,6.96E-04
1972.4,6.94E-04
1972.6,6.91E-04
1972.8,6.89E-04
1973,6.88E-04
1973.2,6.86E-04
1973.4,6.84E-04
1973.6,6.84E-04
1973.8,6.83E-04
1974,6.82E-04
1974.2,6.82E-04
1974.4,6.83E-04
1974.6,6.82E-04
1974.8,6.83E-04
1975,6.83E-04
1975.2,6.82E-04
1975.4,6.80E-04
1975.6,6.77E-04
1975.8,6.74E-04
1976,6.71E-04
1976.2,6.69E-04
1976.4,6.67E-04
1976.6,6.66E-04
1976.8,6.67E-04
1977,6.66E-04
1977.2,6.67E-04
1977.4,6.66E-04
1977.6,6.65E-04
1977.8,6.64E-04
1978,6.64E-04
1978.2,6.64E-04
1978.4,6.63E-04
1978.6,6.61E-04
1978.8,6.59E-04
1979,6.56E-04
1979.2,6.54E-04
1979.4,6.50E-04
1979.6,6.49E-04
1979.8,6.49E-04
1980,6.47E-04
1980.2,6.47E-04
1980.4,6.47E-04
1980.6,6.48E-04
1980.8,6.48E-04
1981,6.48E-04
1981.2,6.48E-04
1981.4,6.46E-04
1981.6,6.45E-04
1981.8,6.43E-04
1982,6.40E-04
1982.2,6.39E-04
1982.4,6.38E-04
1982.6,6.36E-04
1982.8,6.36E-04
1983,6.35E-04
1983.2,6.35E-04
1983.4,6.33E-04
1983.6,6.33E-04
1983.8,6.32E-04
1984,6.31E-04
1984.2,6.30E-04
1984.4,6.29E-04
1984.6,6.28E-04
1984.8,6.25E-04
1985,6.24E-04
1985.2,6.21E-04
1985.4,6.20E-04
1985.6,6.19E-04
1985.8,6.19E-04
1986,6.18E-04
1986.2,6.19E-04
1986.4,6.17E-04
1986.6,6.16E-04
1986.8,6.16E-04
1987,6.16E-04
1987.2,6.14E-04
1987.4,6.13E-04
1987.6,6.13E-04
1987.8,6.10E-04
1988,6.08E-04
1988.2,6.06E-04
1988.4,6.04E-04
1988.6,6.02E-04
1988.8,6.02E-04
1989,6.00E-04
1989.2,5.99E-04
1989.4,5.99E-04
1989.6,5.99E-04
1989.8,5.98E-04
1990,5.98E-04
1990.2,5.97E-04
1990.4,5.96E-04
1990.6,5.95E-04
1990.8,5.94E-04
1991,5.91E-04
1991.2,5.90E-04
1991.4,5.87E-04
1991.6,5.86E-04
1991.8,5.85E-04
1992,5.83E-04
1992.2,5.82E-04
1992.4,5.82E-04
1992.6,5.83E-04
1992.8,5.82E-04
1993,5.82E-04
1993.2,5.82E-04
1993.4,5.80E-04
1993.6,5.78E-04
1993.8,5.76E-04
1994,5.74E-04
1994.2,5.72E-04
1994.4,5.71E-04
1994.6,5.69E-04
1994.8,5.69E-04
1995,5.68E-04
1995.2,5.65E-04
1995.4,5.65E-04
1995.6,5.66E-04
1995.8,5.64E-04
1996,5.63E-04
1996.2,5.64E-04
1996.4,5.62E-04
1996.6,5.61E-04
1996.8,5.59E-04
1997,5.58E-04
1997.2,5.56E-04
1997.4,5.55E-04
1997.6,5.54E-04
1997.8,5.53E-04
1998,5.51E-04
1998.2,5.50E-04
1998.4,5.48E-04
1998.6,5.47E-04
1998.8,5.47E-04
1999,5.46E-04
1999.2,5.47E-04
1999.4,5.46E-04
1999.6,5.46E-04
1999.8,5.45E-04
2000,5.44E-04
2000.2,5.41E-04
2000.4,5.40E-04
2000.6,5.37E-04
2000.8,5.35E-04
2001,5.34E-04
2001.2,5.34E-04
2001.4,5.33E-04
2001.6,5.32E-04
2001.8,5.33E-04
2002,5.32E-04
2002.2,5.31E-04
2002.4,5.30E-04
2002.6,5.29E-04
2002.8,5.28E-04
2003,5.27E-04
2003.2,5.26E-04
2003.4,5.24E-04
2003.6,5.23E-04
2003.8,5.22E-04
2004,5.20E-04
2004.2,5.19E-04
2004.4,5.20E-04
2004.6,5.19E-04
2004.8,5.18E-04
2005,5.18E-04
2005.2,5.17E-04
2005.4,5.16E-04
2005.6,5.16E-04
2005.8,5.14E-04
2006,5.14E-04
2006.2,5.13E-04
2006.4,5.11E-04
2006.6,5.11E-04
2006.8,5.11E-04
2007,5.10E-04
2007.2,5.09E-04
2007.4,5.08E-04
2007.6,5.08E-04
2007.8,5.06E-04
2008,5.05E-04
2008.2,5.05E-04
2008.4,5.05E-04
2008.6,5.04E-04
2008.8,5.03E-04
2009,5.02E-04
2009.2,5.03E-04
2009.4,5.02E-04
2009.6,5.02E-04
2009.8,5.01E-04
2010,4.98E-04
2010.2,4.96E-04
2010.4,4.95E-04
2010.6,4.93E-04
2010.8,4.93E-04
2011,4.91E-04
2011.2,4.91E-04
2011.4,4.91E-04
2011.6,4.89E-04
2011.8,4.88E-04
2012,4.89E-04
2012.2,4.88E-04
2012.4,4.88E-04
2012.6,4.86E-04
2012.8,4.85E-04
2013,4.84E-04
2013.2,4.83E-04
2013.4,4.83E-04
2013.6,4.82E-04
2013.8,4.82E-04
2014,4.80E-04
2014.2,4.80E-04
2014.4,4.79E-04
2014.6,4.79E-04
2014.8,4.78E-04
2015,4.77E-04
2015.2,4.76E-04
2015.4,4.75E-04
2015.6,4.75E-04
2015.8,4.75E-04
2016,4.75E-04
2016.2,4.74E-04
2016.4,4.73E-04
2016.6,4.70E-04
2016.8,4.69E-04
2017,4.68E-04
2017.2,4.68E-04
2017.4,4.67E-04
2017.6,4.67E-04
2017.8,4.66E-04
2018,4.65E-04
2018.2,4.64E-04
2018.4,4.65E-04
2018.6,4.64E-04
2018.8,4.64E-04
2019,4.63E-04
2019.2,4.62E-04
2019.4,4.61E-04
2019.6,4.61E-04
2019.8,4.60E-04
2020,4.59E-04
2020.2,4.59E-04
2020.4,4.56E-04
2020.6,4.55E-04
2020.8,4.55E-04
2021,4.55E-04
2021.2,4.55E-04
2021.4,4.55E-04
2021.6,4.55E-04
2021.8,4.54E-04
2022,4.54E-04
2022.2,4.54E-04
2022.4,4.54E-04
2022.6,4.54E-04
2022.8,4.53E-04
2023,4.51E-04
2023.2,4.50E-04
2023.4,4.48E-04
2023.6,4.48E-04
2023.8,4.48E-04
2024,4.47E-04
2024.2,4.46E-04
2024.4,4.46E-04
2024.6,4.46E-04
2024.8,4.44E-04
2025,4.46E-04
2025.2,4.46E-04
2025.4,4.45E-04
2025.6,4.45E-04
2025.8,4.44E-04
2026,4.43E-04
2026.2,4.42E-04
2026.4,4.42E-04
2026.6,4.40E-04
2026.8,4.39E-04
2027,4.37E-04
2027.2,4.35E-04
2027.4,4.36E-04
2027.6,4.37E-04
2027.8,4.37E-04
2028,4.36E-04
2028.2,4.37E-04
2028.4,4.35E-04
2028.6,4.35E-04
2028.8,4.34E-04
2029,4.34E-04
2029.2,4.34E-04
2029.4,4.33E-04
2029.6,4.31E-04
2029.8,4.30E-04
2030,4.29E-04
2030.2,4.28E-04
2030.4,4.27E-04
2030.6,4.27E-04
2030.8,4.27E-04
2031,4.26E-04
2031.2,4.26E-04
2031.4,4.25E-04
2031.6,4.25E-04
2031.8,4.26E-04
2032,4.25E-04
2032.2,4.24E-04
2032.4,4.23E-04
2032.6,4.21E-04
2032.8,4.21E-04
2033,4.21E-04
2033.2,4.20E-04
2033.4,4.18E-04
2033.6,4.18E-04
2033.8,4.18E-04
2034,4.16E-04
2034.2,4.17E-04
2034.4,4.17E-04
2034.6,4.17E-04
2034.8,4.16E-04
2035,4.16E-04
2035.2,4.15E-04
2035.4,4.15E-04
2035.6,4.15E-04
2035.8,4.13E-04
2036,4.11E-04
2036.2,4.10E-04
2036.4,4.08E-04
2036.6,4.08E-04
2036.8,4.08E-04
2037,4.07E-04
2037.2,4.07E-04
2037.4,4.07E-04
2037.6,4.06E-04
2037.8,4.05E-04
2038,4.06E-04
2038.2,4.06E-04
2038.4,4.05E-04
2038.6,4.04E-04
2038.8,4.03E-04
2039,4.02E-04
2039.2,4.01E-04
2039.4,4.00E-04
2039.6,3.99E-04
2039.8,3.98E-04
2040,3.96E-04
2040.2,3.94E-04
2040.4,3.95E-04
2040.6,3.95E-04
2040.8,3.96E-04
2041,3.97E-04
2041.2,3.97E-04
2041.4,3.97E-04
2041.6,3.96E-04
2041.8,3.96E-04
2042,3.95E-04
2042.2,3.94E-04
2042.4,3.93E-04
2042.6,3.92E-04
2042.8,3.91E-04
2043,3.90E-04
2043.2,3.90E-04
2043.4,3.90E-04
2043.6,3.90E-04
2043.8,3.89E-04
2044,3.89E-04
2044.2,3.89E-04
2044.4,3.89E-04
2044.6,3.89E-04
2044.8,3.91E-04
2045,3.89E-04
2045.2,3.88E-04
2045.4,3.86E-04
2045.6,3.84E-04
2045.8,3.83E-04
2046,3.82E-04
2046.2,3.81E-04
2046.4,3.80E-04
2046.6,3.79E-04
2046.8,3.77E-04
2047,3.77E-04
2047.2,3.78E-04
2047.4,3.78E-04
2047.6,3.77E-04
2047.8,3.77E-04
2048,3.76E-04
2048.2,3.75E-04
2048.4,3.74E-04
2048.6,3.73E-04
2048.8,3.72E-04
2049,3.71E-04
2049.2,3.68E-04
2049.4,3.67E-04
2049.6,3.65E-04
2049.8,3.64E-04
2050,3.64E-04
2050.2,3.64E-04
2050.4,3.64E-04
2050.6,3.63E-04
2050.8,3.62E-04
2051,3.62E-04
2051.2,3.61E-04
2051.4,3.61E-04
2051.6,3.60E-04
2051.8,3.58E-04
2052,3.56E-04
2052.2,3.54E-04
2052.4,3.52E-04
2052.6,3.51E-04
2052.8,3.51E-04
2053,3.49E-04
2053.2,3.48E-04
2053.4,3.46E-04
2053.6,3.45E-04
2053.8,3.44E-04
2054,3.44E-04
2054.2,3.44E-04
2054.4,3.43E-04
2054.6,3.42E-04
2054.8,3.41E-04
2055,3.40E-04
2055.2,3.38E-04
2055.4,3.37E-04
2055.6,3.36E-04
2055.8,3.35E-04
2056,3.33E-04
2056.2,3.33E-04
2056.4,3.32E-04
2056.6,3.31E-04
2056.8,3.31E-04
2057,3.30E-04
2057.2,3.30E-04
2057.4,3.29E-04
2057.6,3.28E-04
2057.8,3.28E-04
2058,3.27E-04
2058.2,3.27E-04
2058.4,3.26E-04
2058.6,3.24E-04
2058.8,3.23E-04
2059,3.22E-04
2059.2,3.21E-04
2059.4,3.20E-04
2059.6,3.20E-04
2059.8,3.20E-04
2060,3.19E-04
2060.2,3.18E-04
2060.4,3.17E-04
2060.6,3.17E-04
2060.8,3.16E-04
2061,3.16E-04
2061.2,3.15E-04
2061.4,3.14E-04
2061.6,3.13E-04
2061.8,3.12E-04
2062,3.12E-04
2062.2,3.11E-04
2062.4,3.09E-04
2062.6,3.08E-04
2062.8,3.07E-04
2063,3.05E-04
2063.2,3.05E-04
2063.4,3.04E-04
2063.6,3.04E-04
2063.8,3.04E-04
2064,3.03E-04
2064.2,3.02E-04
2064.4,3.02E-04
2064.6,3.01E-04
2064.8,3.00E-04
2065,2.99E-04
2065.2,2.99E-04
2065.4,2.96E-04
2065.6,2.96E-04
2065.8,2.95E-04
2066,2.94E-04
2066.2,2.94E-04
2066.4,2.93E-04
2066.6,2.93E-04
2066.8,2.92E-04
2067,2.91E-04
2067.2,2.90E-04
2067.4,2.90E-04
2067.6,2.90E-04
2067.8,2.90E-04
2068,2.89E-04
2068.2,2.88E-04
2068.4,2.87E-04
2068.6,2.87E-04
2068.8,2.86E-04
2069,2.85E-04
2069.2,2.85E-04
2069.4,2.84E-04
2069.6,2.83E-04
2069.8,2.82E-04
2070,2.82E-04
2070.2,2.82E-04
2070.4,2.82E-04
2070.6,2.82E-04
2070.8,2.81E-04
2071,2.80E-04
2071.2,2.80E-04
2071.4,2.80E-04
2071.6,2.80E-04
2071.8,2.79E-04
2072,2.78E-04
2072.2,2.77E-04
2072.4,2.76E-04
2072.6,2.75E-04
2072.8,2.74E-04
2073,2.75E-04
2073.2,2.74E-04
2073.4,2.74E-04
2073.6,2.73E-04
2073.8,2.72E-04
2074,2.72E-04
2074.2,2.73E-04
2074.4,2.73E-04
2074.6,2.73E-04
2074.8,2.73E-04
2075,2.72E-04
2075.2,2.71E-04
2075.4,2.71E-04
2075.6,2.70E-04
2075.8,2.70E-04
2076,2.69E-04
2076.2,2.68E-04
2076.4,2.67E-04
2076.6,2.67E-04
2076.8,2.67E-04
2077,2.68E-04
2077.2,2.68E-04
2077.4,2.68E-04
2077.6,2.67E-04
2077.8,2.67E-04
2078,2.67E-04
2078.2,2.67E-04
2078.4,2.67E-04
2078.6,2.67E-04
2078.8,2.66E-04
2079,2.65E-04
2079.2,2.64E-04
2079.4,2.63E-04
2079.6,2.63E-04
2079.8,2.63E-04
2080,2.63E-04
2080.2,2.62E-04
2080.4,2.61E-04
2080.6,2.61E-04
2080.8,2.61E-04
2081,2.62E-04
2081.2,2.61E-04
2081.4,2.62E-04
2081.6,2.61E-04
2081.8,2.60E-04
2082,2.60E-04
2082.2,2.59E-04
2082.4,2.59E-04
2082.6,2.59E-04
2082.8,2.58E-04
2083,2.58E-04
2083.2,2.57E-04
2083.4,2.56E-04
2083.6,2.56E-04
2083.8,2.57E-04
2084,2.57E-04
2084.2,2.56E-04
2084.4,2.56E-04
2084.6,2.55E-04
2084.8,2.54E-04
2085,2.54E-04
2085.2,2.53E-04
2085.4,2.53E-04
2085.6,2.53E-04
2085.8,2.52E-04
2086,2.51E-04
2086.2,2.51E-04
2086.4,2.50E-04
2086.6,2.50E-04
2086.8,2.50E-04
2087,2.50E-04
2087.2,2.49E-04
2087.4,2.49E-04
2087.6,2.49E-04
2087.8,2.48E-04
2088,2.48E-04
2088.2,2.48E-04
2088.4,2.48E-04
2088.6,2.47E-04
2088.8,2.47E-04
2089,2.46E-04
2089.2,2.45E-04
2089.4,2.45E-04
2089.6,2.44E-04
2089.8,2.43E-04
2090,2.42E-04
2090.2,2.41E-04
2090.4,2.42E-04
2090.6,2.42E-04
2090.8,2.42E-04
2091,2.42E-04
2091.2,2.42E-04
2091.4,2.42E-04
2091.6,2.41E-04
2091.8,2.41E-04
2092,2.40E-04
2092.2,2.39E-04
2092.4,2.38E-04
2092.6,2.37E-04
2092.8,2.36E-04
2093,2.36E-04
2093.2,2.36E-04
2093.4,2.36E-04
2093.6,2.35E-04
2093.8,2.35E-04
2094,2.35E-04
2094.2,2.34E-04
2094.4,2.33E-04
2094.6,2.33E-04
2094.8,2.33E-04
2095,2.33E-04
2095.2,2.33E-04
2095.4,2.32E-04
2095.6,2.32E-04
2095.8,2.31E-04
2096,2.31E-04
2096.2,2.30E-04
2096.4,2.29E-04
2096.6,2.29E-04
2096.8,2.29E-04
2097,2.27E-04
2097.2,2.27E-04
2097.4,2.27E-04
2097.6,2.26E-04
2097.8,2.27E-04
2098,2.27E-04
2098.2,2.26E-04
2098.4,2.26E-04
2098.6,2.26E-04
2098.8,2.25E-04
2099,2.25E-04
2099.2,2.25E-04
2099.4,2.24E-04
2099.6,2.23E-04
2099.8,2.22E-04
2100,2.21E-04
2100.2,2.21E-04
2100.4,2.20E-04
2100.6,2.20E-04
2100.8,2.20E-04
2101,2.20E-04
2101.2,2.19E-04
2101.4,2.19E-04
2101.6,2.19E-04
2101.8,2.19E-04
2102,2.19E-04
2102.2,2.19E-04
2102.4,2.18E-04
2102.6,2.18E-04
2102.8,2.17E-04
2103,2.17E-04
2103.2,2.16E-04
2103.4,2.16E-04
2103.6,2.15E-04
2103.8,2.14E-04
2104,2.13E-04
2104.2,2.13E-04
2104.4,2.13E-04
2104.6,2.13E-04
2104.8,2.14E-04
2105,2.14E-04
2105.2,2.13E-04
2105.4,2.13E-04
2105.6,2.13E-04
2105.8,2.12E-04
2106,2.11E-04
2106.2,2.11E-04
2106.4,2.11E-04
2106.6,2.10E-04
2106.8,2.09E-04
2107,2.09E-04
2107.2,2.08E-04
2107.4,2.08E-04
2107.6,2.08E-04
2107.8,2.07E-04
2108,2.07E-04
2108.2,2.07E-04
2108.4,2.07E-04
2108.6,2.08E-04
2108.8,2.07E-04
2109,2.07E-04
2109.2,2.07E-04
2109.4,2.07E-04
2109.6,2.06E-04
2109.8,2.05E-04
2110,2.04E-04
2110.2,2.04E-04
2110.4,2.04E-04
2110.6,2.03E-04
2110.8,2.03E-04
2111,2.03E-04
2111.2,2.02E-04
2111.4,2.02E-04
2111.6,2.02E-04
2111.8,2.02E-04
2112,2.02E-04
2112.2,2.02E-04
2112.4,2.01E-04
2112.6,2.01E-04
2112.8,2.02E-04
2113,2.01E-04
2113.2,2.01E-04
2113.4,2.00E-04
2113.6,2.00E-04
2113.8,1.99E-04
2114,1.98E-04
2114.2,1.98E-04
2114.4,1.98E-04
2114.6,1.98E-04
2114.8,1.98E-04
2115,1.97E-04
2115.2,1.98E-04
2115.4,1.97E-04
2115.6,1.97E-04
2115.8,1.98E-04
2116,1.98E-04
2116.2,1.98E-04
2116.4,1.98E-04
2116.6,1.97E-04
2116.8,1.96E-04
2117,1.96E-04
2117.2,1.95E-04
2117.4,1.95E-04
2117.6,1.95E-04
2117.8,1.94E-04
2118,1.94E-04
2118.2,1.94E-04
2118.4,1.93E-04
2118.6,1.93E-04
2118.8,1.94E-04
2119,1.94E-04
2119.2,1.94E-04
2119.4,1.94E-04
2119.6,1.94E-04
2119.8,1.93E-04
2120,1.93E-04
2120.2,1.93E-04
2120.4,1.93E-04
2120.6,1.92E-04
2120.8,1.91E-04
2121,1.91E-04
2121.2,1.90E-04
2121.4,1.90E-04
2121.6,1.90E-04
2121.8,1.90E-04
2122,1.89E-04
2122.2,1.89E-04
2122.4,1.89E-04
2122.6,1.89E-04
2122.8,1.89E-04
2123,1.89E-04
2123.2,1.89E-04
2123.4,1.89E-04
2123.6,1.89E-04
2123.8,1.88E-04
2124,1.88E-04
2124.2,1.87E-04
2124.4,1.87E-04
2124.6,1.86E-04
2124.8,1.86E-04
2125,1.85E-04
2125.2,1.85E-04
2125.4,1.85E-04
2125.6,1.84E-04
2125.8,1.85E-04
2126,1.85E-04
2126.2,1.85E-04
2126.4,1.84E-04
2126.6,1.84E-04
2126.8,1.84E-04
2127,1.84E-04
2127.2,1.83E-04
2127.4,1.83E-04
2127.6,1.82E-04
2127.8,1.82E-04
2128,1.81E-04
2128.2,1.80E-04
2128.4,1.80E-04
2128.6,1.80E-04
2128.8,1.80E-04
2129,1.80E-04
2129.2,1.80E-04
2129.4,1.79E-04
2129.6,1.79E-04
2129.8,1.79E-04
2130,1.79E-04
2130.2,1.79E-04
2130.4,1.78E-04
2130.6,1.78E-04
2130.8,1.77E-04
2131,1.77E-04
2131.2,1.77E-04
2131.4,1.76E-04
2131.6,1.75E-04
2131.8,1.75E-04
2132,1.75E-04
2132.2,1.74E-04
2132.4,1.74E-04
2132.6,1.74E-04
2132.8,1.74E-04
2133,1.73E-04
2133.2,1.73E-04
2133.4,1.73E-04
2133.6,1.73E-04
2133.8,1.73E-04
2134,1.72E-04
2134.2,1.72E-04
2134.4,1.71E-04
2134.6,1.71E-04
2134.8,1.70E-04
2135,1.69E-04
2135.2,1.68E-04
2135.4,1.68E-04
2135.6,1.68E-04
2135.8,1.67E-04
2136,1.68E-04
2136.2,1.67E-04
2136.4,1.67E-04
2136.6,1.67E-04
2136.8,1.67E-04
2137,1.66E-04
2137.2,1.67E-04
2137.4,1.67E-04
2137.6,1.66E-04
2137.8,1.66E-04
2138,1.65E-04
2138.2,1.64E-04
2138.4,1.64E-04
2138.6,1.64E-04
2138.8,1.63E-04
2139,1.63E-04
2139.2,1.62E-04
2139.4,1.62E-04
2139.6,1.61E-04
2139.8,1.61E-04
2140,1.61E-04
2140.2,1.61E-04
2140.4,1.61E-04
2140.6,1.61E-04
2140.8,1.61E-04
2141,1.60E-04
2141.2,1.60E-04
2141.4,1.60E-04
2141.6,1.59E-04
2141.8,1.59E-04
2142,1.58E-04
2142.2,1.58E-04
2142.4,1.57E-04
2142.6,1.57E-04
2142.8,1.56E-04
2143,1.56E-04
2143.2,1.56E-04
2143.4,1.56E-04
2143.6,1.56E-04
2143.8,1.55E-04
2144,1.55E-04
2144.2,1.55E-04
2144.4,1.55E-04
2144.6,1.55E-04
2144.8,1.55E-04
2145,1.55E-04
2145.2,1.54E-04
2145.4,1.53E-04
2145.6,1.53E-04
2145.8,1.53E-04
2146,1.53E-04
2146.2,1.52E-04
2146.4,1.52E-04
2146.6,1.51E-04
2146.8,1.51E-04
2147,1.51E-04
2147.2,1.51E-04
2147.4,1.51E-04
2147.6,1.51E-04
2147.8,1.51E-04
2148,1.51E-04
2148.2,1.50E-04
2148.4,1.50E-04
2148.6,1.50E-04
2148.8,1.50E-04
2149,1.49E-04
2149.2,1.49E-04
2149.4,1.49E-04
2149.6,1.48E-04
2149.8,1.47E-04
2150,1.47E-04
2150.2,1.47E-04
2150.4,1.47E-04
2150.6,1.47E-04
2150.8,1.47E-04
2151,1.47E-04
2151.2,1.46E-04
2151.4,1.46E-04
2151.6,1.46E-04
2151.8,1.46E-04
2152,1.46E-04
2152.2,1.46E-04
2152.4,1.46E-04
2152.6,1.45E-04
2152.8,1.44E-04
2153,1.44E-04
2153.2,1.44E-04
2153.4,1.43E-04
2153.6,1.43E-04
2153.8,1.43E-04
2154,1.42E-04
2154.2,1.42E-04
2154.4,1.42E-04
2154.6,1.42E-04
2154.8,1.42E-04
2155,1.42E-04
2155.2,1.42E-04
2155.4,1.42E-04
2155.6,1.41E-04
2155.8,1.41E-04
2156,1.41E-04
2156.2,1.41E-04
2156.4,1.40E-04
2156.6,1.40E-04
2156.8,1.39E-04
2157,1.38E-04
2157.2,1.38E-04
2157.4,1.37E-04
2157.6,1.37E-04
2157.8,1.37E-04
2158,1.37E-04
2158.2,1.37E-04
2158.4,1.37E-04
2158.6,1.37E-04
2158.8,1.37E-04
2159,1.37E-04
2159.2,1.37E-04
2159.4,1.37E-04
2159.6,1.36E-04
2159.8,1.35E-04
2160,1.35E-04
2160.2,1.34E-04
2160.4,1.34E-04
2160.6,1.33E-04
2160.8,1.33E-04
2161,1.33E-04
2161.2,1.32E-04
2161.4,1.32E-04
2161.6,1.32E-04
2161.8,1.32E-04
2162,1.32E-04
2162.2,1.32E-04
2162.4,1.32E-04
2162.6,1.31E-04
2162.8,1.31E-04
2163,1.30E-04
2163.2,1.30E-04
2163.4,1.29E-04
2163.6,1.29E-04
2163.8,1.29E-04
2164,1.29E-04
2164.2,1.28E-04
2164.4,1.27E-04
2164.6,1.27E-04
2164.8,1.26E-04
2165,1.26E-04
2165.2,1.26E-04
2165.4,1.26E-04
2165.6,1.26E-04
2165.8,1.25E-04
2166,1.25E-04
2166.2,1.24E-04
2166.4,1.24E-04
2166.6,1.24E-04
2166.8,1.23E-04
2167,1.23E-04
2167.2,1.22E-04
2167.4,1.21E-04
2167.6,1.21E-04
2167.8,1.21E-04
2168,1.21E-04
2168.2,1.20E-04
2168.4,1.20E-04
2168.6,1.19E-04
2168.8,1.19E-04
2169,1.18E-04
2169.2,1.18E-04
2169.4,1.18E-04
2169.6,1.18E-04
2169.8,1.17E-04
2170,1.17E-04
2170.2,1.17E-04
2170.4,1.16E-04
2170.6,1.15E-04
2170.8,1.15E-04
2171,1.15E-04
2171.2,1.14E-04
2171.4,1.14E-04
2171.6,1.13E-04
2171.8,1.12E-04
2172,1.12E-04
2172.2,1.11E-04
2172.4,1.11E-04
2172.6,1.11E-04
2172.8,1.11E-04
2173,1.11E-04
2173.2,1.10E-04
2173.4,1.10E-04
2173.6,1.09E-04
2173.8,1.09E-04
2174,1.09E-04
2174.2,1.08E-04
2174.4,1.08E-04
2174.6,1.07E-04
2174.8,1.07E-04
2175,1.06E-04
2175.2,1.06E-04
2175.4,1.06E-04
2175.6,1.05E-04
2175.8,1.05E-04
2176,1.05E-04
2176.2,1.04E-04
2176.4,1.04E-04
2176.6,1.03E-04
2176.8,1.03E-04
2177,1.03E-04
2177.2,1.03E-04
2177.4,1.03E-04
2177.6,1.02E-04
2177.8,1.02E-04
2178,1.01E-04
2178.2,1.01E-04
2178.4,1.01E-04
2178.6,1.00E-04
2178.8,1.00E-04
2179,9.97E-05
2179.2,9.90E-05
2179.4,9.88E-05
2179.6,9.82E-05
2179.8,9.80E-05
2180,9.81E-05
2180.2,9.79E-05
2180.4,9.78E-05
2180.6,9.76E-05
2180.8,9.73E-05
2181,9.72E-05
2181.2,9.71E-05
2181.4,9.70E-05
2181.6,9.70E-05
2181.8,9.65E-05
2182,9.60E-05
2182.2,9.57E-05
2182.4,9.50E-05
2182.6,9.47E-05
2182.8,9.44E-05
2183,9.44E-05
2183.2,9.42E-05
2183.4,9.41E-05
2183.6,9.38E-05
2183.8,9.36E-05
2184,9.34E-05
2184.2,9.33E-05
2184.4,9.33E-05
2184.6,9.32E-05
2184.8,9.31E-05
2185,9.29E-05
2185.2,9.25E-05
2185.4,9.21E-05
2185.6,9.19E-05
2185.8,9.17E-05
2186,9.16E-05
2186.2,9.15E-05
2186.4,9.12E-05
2186.6,9.08E-05
2186.8,9.04E-05
2187,9.01E-05
2187.2,9.01E-05
2187.4,9.02E-05
2187.6,9.03E-05
2187.8,9.03E-05
2188,9.01E-05
2188.2,8.99E-05
2188.4,8.96E-05
2188.6,8.94E-05
2188.8,8.93E-05
2189,8.93E-05
2189.2,8.93E-05
2189.4,8.91E-05
2189.6,8.87E-05
2189.8,8.83E-05
2190,8.81E-05
2190.2,8.79E-05
2190.4,8.79E-05
2190.6,8.78E-05
2190.8,8.79E-05
2191,8.76E-05
2191.2,8.72E-05
2191.4,8.71E-05
2191.6,8.68E-05
2191.8,8.68E-05
2192,8.71E-05
2192.2,8.72E-05
2192.4,8.72E-05
2192.6,8.70E-05
2192.8,8.67E-05
2193,8.65E-05
2193.2,8.63E-05
2193.4,8.61E-05
2193.6,8.60E-05
2193.8,8.56E-05
2194,8.52E-05
2194.2,8.49E-05
2194.4,8.46E-05
2194.6,8.44E-05
2194.8,8.45E-05
2195,8.45E-05
2195.2,8.46E-05
2195.4,8.46E-05
2195.6,8.46E-05
2195.8,8.45E-05
2196,8.40E-05
2196.2,8.39E-05
2196.4,8.38E-05
2196.6,8.38E-05
2196.8,8.36E-05
2197,8.33E-05
2197.2,8.30E-05
2197.4,8.26E-05
2197.6,8.22E-05
2197.8,8.22E-05
2198,8.21E-05
2198.2,8.21E-05
2198.4,8.22E-05
2198.6,8.22E-05
2198.8,8.19E-05
2199,8.16E-05
2199.2,8.15E-05
2199.4,8.16E-05
2199.6,8.15E-05
2199.8,8.15E-05
2200,8.13E-05
2200.2,8.10E-05
2200.4,8.05E-05
2200.6,8.02E-05
2200.8,7.99E-05
2201,7.96E-05
2201.2,7.98E-05
2201.4,7.95E-05
2201.6,7.92E-05
2201.8,7.89E-05
2202,7.85E-05
2202.2,7.81E-05
2202.4,7.80E-05
2202.6,7.79E-05
2202.8,7.79E-05
2203,7.79E-05
2203.2,7.77E-05
2203.4,7.75E-05
2203.6,7.73E-05
2203.8,7.69E-05
2204,7.69E-05
2204.2,7.66E-05
2204.4,7.62E-05
2204.6,7.60E-05
2204.8,7.56E-05
2205,7.49E-05
2205.2,7.46E-05
2205.4,7.45E-05
2205.6,7.42E-05
2205.8,7.42E-05
2206,7.40E-05
2206.2,7.38E-05
2206.4,7.36E-05
2206.6,7.30E-05
2206.8,7.29E-05
2207,7.29E-05
2207.2,7.26E-05
2207.4,7.25E-05
2207.6,7.24E-05
2207.8,7.19E-05
2208,7.15E-05
2208.2,7.12E-05
2208.4,7.09E-05
2208.6,7.07E-05
2208.8,7.04E-05
2209,7.03E-05
2209.2,7.00E-05
2209.4,6.95E-05
2209.6,6.91E-05
2209.8,6.89E-05
2210,6.85E-05
2210.2,6.83E-05
2210.4,6.84E-05
2210.6,6.81E-05
2210.8,6.79E-05
2211,6.77E-05
2211.2,6.74E-05
2211.4,6.71E-05
2211.6,6.68E-05
2211.8,6.66E-05
2212,6.66E-05
2212.2,6.62E-05
2212.4,6.59E-05
2212.6,6.55E-05
2212.8,6.51E-05
2213,6.47E-05
2213.2,6.45E-05
2213.4,6.40E-05
2213.6,6.38E-05
2213.8,6.38E-05
2214,6.34E-05
2214.2,6.32E-05
2214.4,6.30E-05
2214.6,6.28E-05
2214.8,6.27E-05
2215,6.26E-05
2215.2,6.25E-05
2215.4,6.23E-05
2215.6,6.19E-05
2215.8,6.15E-05
2216,6.14E-05
2216.2,6.10E-05
2216.4,6.09E-05
2216.6,6.07E-05
2216.8,6.05E-05
2217,6.03E-05
2217.2,6.00E-05
2217.4,5.95E-05
2217.6,5.95E-05
2217.8,5.93E-05
2218,5.91E-05
2218.2,5.91E-05
2218.4,5.90E-05
2218.6,5.88E-05
2218.8,5.85E-05
2219,5.83E-05
2219.2,5.80E-05
2219.4,5.78E-05
2219.6,5.78E-05
2219.8,5.76E-05
2220,5.75E-05
2220.2,5.73E-05
2220.4,5.70E-05
2220.6,5.66E-05
2220.8,5.65E-05
2221,5.63E-05
2221.2,5.62E-05
2221.4,5.61E-05
2221.6,5.60E-05
2221.8,5.58E-05
2222,5.56E-05
2222.2,5.54E-05
2222.4,5.53E-05
2222.6,5.54E-05
2222.8,5.55E-05
2223,5.55E-05
2223.2,5.54E-05
2223.4,5.51E-05
2223.6,5.49E-05
2223.8,5.46E-05
2224,5.43E-05
2224.2,5.43E-05
2224.4,5.41E-05
2224.6,5.41E-05
2224.8,5.39E-05
2225,5.37E-05
2225.2,5.36E-05
2225.4,5.34E-05
2225.6,5.35E-05
2225.8,5.35E-05
2226,5.36E-05
2226.2,5.35E-05
2226.4,5.35E-05
2226.6,5.34E-05
2226.8,5.32E-05
2227,5.31E-05
2227.2,5.31E-05
2227.4,5.31E-05
2227.6,5.31E-05
2227.8,5.30E-05
2228,5.30E-05
2228.2,5.28E-05
2228.4,5.27E-05
2228.6,5.25E-05
2228.8,5.24E-05
2229,5.24E-05
2229.2,5.25E-05
2229.4,5.25E-05
2229.6,5.25E-05
2229.8,5.25E-05
2230,5.25E-05
2230.2,5.24E-05
2230.4,5.24E-05
2230.6,5.25E-05
2230.8,5.24E-05
2231,5.24E-05
2231.2,5.22E-05
2231.4,5.20E-05
2231.6,5.19E-05
2231.8,5.19E-05
2232,5.20E-05
2232.2,5.20E-05
2232.4,5.20E-05
2232.6,5.20E-05
2232.8,5.19E-05
2233,5.17E-05
2233.2,5.17E-05
2233.4,5.17E-05
2233.6,5.19E-05
2233.8,5.18E-05
2234,5.19E-05
2234.2,5.20E-05
2234.4,5.20E-05
2234.6,5.20E-05
2234.8,5.21E-05
2235,5.20E-05
2235.2,5.20E-05
2235.4,5.23E-05
2235.6,5.22E-05
2235.8,5.21E-05
2236,5.20E-05
2236.2,5.17E-05
2236.4,5.16E-05
2236.6,5.15E-05
2236.8,5.16E-05
2237,5.17E-05
2237.2,5.16E-05
2237.4,5.17E-05
2237.6,5.16E-05
2237.8,5.16E-05
2238,5.15E-05
2238.2,5.17E-05
2238.4,5.17E-05
2238.6,5.18E-05
2238.8,5.18E-05
2239,5.17E-05
2239.2,5.15E-05
2239.4,5.13E-05
2239.6,5.13E-05
2239.8,5.12E-05
2240,5.12E-05
2240.2,5.12E-05
2240.4,5.12E-05
2240.6,5.11E-05
2240.8,5.09E-05
2241,5.07E-05
2241.2,5.07E-05
2241.4,5.07E-05
2241.6,5.08E-05
2241.8,5.10E-05
2242,5.10E-05
2242.2,5.09E-05
2242.4,5.07E-05
2242.6,5.07E-05
2242.8,5.05E-05
2243,5.06E-05
2243.2,5.05E-05
2243.4,5.05E-05
2243.6,5.06E-05
2243.8,5.04E-05
2244,5.02E-05
2244.2,5.01E-05
2244.4,5.00E-05
2244.6,4.98E-05
2244.8,4.98E-05
2245,4.97E-05
2245.2,4.96E-05
2245.4,4.96E-05
2245.6,4.94E-05
2245.8,4.93E-05
2246,4.92E-05
2246.2,4.91E-05
2246.4,4.92E-05
2246.6,4.91E-05
2246.8,4.90E-05
2247,4.88E-05
2247.2,4.86E-05
2247.4,4.85E-05
2247.6,4.83E-05
2247.8,4.81E-05
2248,4.81E-05
2248.2,4.81E-05
2248.4,4.80E-05
2248.6,4.78E-05
2248.8,4.77E-05
2249,4.74E-05
2249.2,4.73E-05
2249.4,4.72E-05
2249.6,4.72E-05
2249.8,4.72E-05
2250,4.72E-05
2250.2,4.69E-05
2250.4,4.67E-05
2250.6,4.65E-05
2250.8,4.64E-05
2251,4.62E-05
2251.2,4.61E-05
2251.4,4.62E-05
2251.6,4.61E-05
2251.8,4.57E-05
2252,4.55E-05
2252.2,4.54E-05
2252.4,4.52E-05
2252.6,4.52E-05
2252.8,4.52E-05
2253,4.51E-05
2253.2,4.48E-05
2253.4,4.47E-05
2253.6,4.45E-05
2253.8,4.42E-05
2254,4.40E-05
2254.2,4.41E-05
2254.4,4.40E-05
2254.6,4.39E-05
2254.8,4.38E-05
2255,4.36E-05
2255.2,4.34E-05
2255.4,4.31E-05
2255.6,4.29E-05
2255.8,4.28E-05
2256,4.27E-05
2256.2,4.26E-05
2256.4,4.23E-05
2256.6,4.20E-05
2256.8,4.18E-05
2257,4.16E-05
2257.2,4.14E-05
2257.4,4.13E-05
2257.6,4.13E-05
2257.8,4.13E-05
2258,4.12E-05
2258.2,4.11E-05
2258.4,4.09E-05
2258.6,4.06E-05
2258.8,4.04E-05
2259,4.02E-05
2259.2,4.01E-05
2259.4,4.00E-05
2259.6,3.99E-05
2259.8,3.98E-05
2260,3.95E-05
2260.2,3.92E-05
2260.4,3.91E-05
2260.6,3.89E-05
2260.8,3.89E-05
2261,3.89E-05
2261.2,3.87E-05
2261.4,3.85E-05
2261.6,3.84E-05
2261.8,3.83E-05
2262,3.81E-05
2262.2,3.81E-05
2262.4,3.80E-05
2262.6,3.80E-05
2262.8,3.78E-05
2263,3.77E-05
2263.2,3.75E-05
2263.4,3.72E-05
2263.6,3.70E-05
2263.8,3.69E-05
2264,3.68E-05
2264.2,3.68E-05
2264.4,3.67E-05
2264.6,3.67E-05
2264.8,3.64E-05
2265,3.62E-05
2265.2,3.61E-05
2265.4,3.60E-05
2265.6,3.59E-05
2265.8,3.59E-05
2266,3.59E-05
2266.2,3.58E-05
2266.4,3.57E-05
2266.6,3.56E-05
2266.8,3.55E-05
2267,3.55E-05
2267.2,3.55E-05
2267.4,3.55E-05
2267.6,3.54E-05
2267.8,3.53E-05
2268,3.51E-05
2268.2,3.49E-05
2268.4,3.47E-05
2268.6,3.47E-05
2268.8,3.47E-05
2269,3.47E-05
2269.2,3.48E-05
2269.4,3.46E-05
2269.6,3.46E-05
2269.8,3.46E-05
2270,3.43E-05
2270.2,3.43E-05
2270.4,3.44E-05
2270.6,3.44E-05
2270.8,3.44E-05
2271,3.44E-05
2271.2,3.43E-05
2271.4,3.43E-05
2271.6,3.40E-05
2271.8,3.40E-05
2272,3.41E-05
2272.2,3.40E-05
2272.4,3.40E-05
2272.6,3.39E-05
2272.8,3.37E-05
2273,3.37E-05
2273.2,3.37E-05
2273.4,3.37E-05
2273.6,3.38E-05
2273.8,3.38E-05
2274,3.39E-05
2274.2,3.40E-05
2274.4,3.38E-05
2274.6,3.38E-05
2274.8,3.36E-05
2275,3.36E-05
2275.2,3.37E-05
2275.4,3.37E-05
2275.6,3.37E-05
2275.8,3.38E-05
2276,3.37E-05
2276.2,3.36E-05
2276.4,3.35E-05
2276.6,3.34E-05
2276.8,3.35E-05
2277,3.34E-05
2277.2,3.35E-05
2277.4,3.37E-05
2277.6,3.36E-05
2277.8,3.37E-05
2278,3.37E-05
2278.2,3.35E-05
2278.4,3.35E-05
2278.6,3.36E-05
2278.8,3.36E-05
2279,3.38E-05
2279.2,3.37E-05
2279.4,3.37E-05
2279.6,3.35E-05
2279.8,3.34E-05
2280,3.35E-05
2280.2,3.35E-05
2280.4,3.35E-05
2280.6,3.36E-05
2280.8,3.36E-05
2281,3.35E-05
2281.2,3.34E-05
2281.4,3.33E-05
2281.6,3.33E-05
2281.8,3.34E-05
2282,3.34E-05
2282.2,3.36E-05
2282.4,3.36E-05
2282.6,3.35E-05
2282.8,3.34E-05
2283,3.33E-05
2283.2,3.33E-05
2283.4,3.33E-05
2283.6,3.33E-05
2283.8,3.34E-05
2284,3.34E-05
2284.2,3.33E-05
2284.4,3.32E-05
2284.6,3.31E-05
2284.8,3.30E-05
2285,3.30E-05
2285.2,3.31E-05
2285.4,3.31E-05
2285.6,3.30E-05
2285.8,3.31E-05
2286,3.29E-05
2286.2,3.27E-05
2286.4,3.27E-05
2286.6,3.27E-05
2286.8,3.28E-05
2287,3.28E-05
2287.2,3.29E-05
2287.4,3.29E-05
2287.6,3.28E-05
2287.8,3.26E-05
2288,3.24E-05
2288.2,3.23E-05
2288.4,3.23E-05
2288.6,3.24E-05
2288.8,3.23E-05
2289,3.21E-05
2289.2,3.21E-05
2289.4,3.19E-05
2289.6,3.17E-05
2289.8,3.17E-05
2290,3.17E-05
2290.2,3.18E-05
2290.4,3.18E-05
2290.6,3.18E-05
2290.8,3.16E-05
2291,3.14E-05
2291.2,3.13E-05
2291.4,3.11E-05
2291.6,3.11E-05
2291.8,3.10E-05
2292,3.11E-05
2292.2,3.09E-05
2292.4,3.08E-05
2292.6,3.07E-05
2292.8,3.05E-05
2293,3.04E-05
2293.2,3.04E-05
2293.4,3.04E-05
2293.6,3.04E-05
2293.8,3.03E-05
2294,3.01E-05
2294.2,3.00E-05
2294.4,2.98E-05
2294.6,2.97E-05
2294.8,2.97E-05
2295,2.96E-05
2295.2,2.96E-05
2295.4,2.95E-05
2295.6,2.93E-05
2295.8,2.92E-05
2296,2.90E-05
2296.2,2.88E-05
2296.4,2.88E-05
2296.6,2.86E-05
2296.8,2.85E-05
2297,2.84E-05
2297.2,2.82E-05
2297.4,2.82E-05
2297.6,2.79E-05
2297.8,2.78E-05
2298,2.78E-05
2298.2,2.76E-05
2298.4,2.75E-05
2298.6,2.74E-05
2298.8,2.74E-05
2299,2.72E-05
2299.2,2.72E-05
2299.4,2.70E-05
2299.6,2.68E-05
2299.8,2.66E-05
2300,2.64E-05
2300.2,2.64E-05
2300.4,2.63E-05
2300.6,2.62E-05
2300.8,2.59E-05
2301,2.58E-05
2301.2,2.56E-05
2301.4,2.53E-05
2301.6,2.52E-05
2301.8,2.51E-05
2302,2.50E-05
2302.2,2.49E-05
2302.4,2.49E-05
2302.6,2.47E-05
2302.8,2.45E-05
2303,2.43E-05
2303.2,2.41E-05
2303.4,2.40E-05
2303.6,2.40E-05
2303.8,2.39E-05
2304,2.38E-05
2304.2,2.35E-05
2304.4,2.34E-05
2304.6,2.30E-05
2304.8,2.28E-05
2305,2.28E-05
2305.2,2.27E-05
2305.4,2.27E-05
2305.6,2.25E-05
2305.8,2.22E-05
2306,2.20E-05
2306.2,2.18E-05
2306.4,2.17E-05
2306.6,2.17E-05
2306.8,2.17E-05
2307,2.16E-05
2307.2,2.16E-05
2307.4,2.13E-05
2307.6,2.11E-05
2307.8,2.09E-05
2308,2.07E-05
2308.2,2.07E-05
2308.4,2.07E-05
2308.6,2.06E-05
2308.8,2.05E-05
2309,2.02E-05
2309.2,2.00E-05
2309.4,1.97E-05
2309.6,1.96E-05
2309.8,1.96E-05
2310,1.96E-05
2310.2,1.96E-05
2310.4,1.95E-05
2310.6,1.93E-05
2310.8,1.91E-05
2311,1.90E-05
2311.2,1.89E-05
2311.4,1.89E-05
2311.6,1.89E-05
2311.8,1.88E-05
2312,1.87E-05
2312.2,1.85E-05
2312.4,1.84E-05
2312.6,1.84E-05
2312.8,1.83E-05
2313,1.83E-05
2313.2,1.82E-05
2313.4,1.80E-05
2313.6,1.78E-05
2313.8,1.77E-05
2314,1.77E-05
2314.2,1.77E-05
2314.4,1.78E-05
2314.6,1.77E-05
2314.8,1.74E-05
2315,1.72E-05
2315.2,1.72E-05
2315.4,1.72E-05
2315.6,1.73E-05
2315.8,1.73E-05
2316,1.74E-05
2316.2,1.72E-05
2316.4,1.69E-05
2316.6,1.66E-05
2316.8,1.66E-05
2317,1.67E-05
2317.2,1.69E-05
2317.4,1.69E-05
2317.6,1.68E-05
2317.8,1.65E-05
2318,1.62E-05
2318.2,1.61E-05
2318.4,1.62E-05
2318.6,1.65E-05
2318.8,1.65E-05
2319,1.66E-05
2319.2,1.64E-05
2319.4,1.60E-05
2319.6,1.58E-05
2319.8,1.58E-05
2320,1.60E-05
2320.2,1.63E-05
2320.4,1.65E-05
2320.6,1.64E-05
2320.8,1.61E-05
2321,1.58E-05
2321.2,1.58E-05
2321.4,1.59E-05
2321.6,1.61E-05
2321.8,1.62E-05
2322,1.61E-05
2322.2,1.59E-05
2322.4,1.57E-05
2322.6,1.56E-05
2322.8,1.57E-05
2323,1.59E-05
2323.2,1.61E-05
2323.4,1.61E-05
2323.6,1.59E-05
2323.8,1.56E-05
2324,1.56E-05
2324.2,1.57E-05
2324.4,1.59E-05
2324.6,1.62E-05
2324.8,1.62E-05
2325,1.60E-05
2325.2,1.57E-05
2325.4,1.56E-05
2325.6,1.56E-05
2325.8,1.59E-05
2326,1.62E-05
2326.2,1.64E-05
2326.4,1.60E-05
2326.6,1.57E-05
2326.8,1.54E-05
2327,1.54E-05
2327.2,1.58E-05
2327.4,1.62E-05
2327.6,1.65E-05
2327.8,1.63E-05
2328,1.59E-05
2328.2,1.55E-05
2328.4,1.55E-05
2328.6,1.58E-05
2328.8,1.63E-05
2329,1.66E-05
2329.2,1.66E-05
2329.4,1.62E-05
2329.6,1.57E-05
2329.8,1.57E-05
2330,1.58E-05
2330.2,1.63E-05
2330.4,1.67E-05
2330.6,1.67E-05
2330.8,1.63E-05
2331,1.58E-05
2331.2,1.57E-05
2331.4,1.59E-05
2331.6,1.64E-05
2331.8,1.69E-05
2332,1.70E-05
2332.2,1.66E-05
2332.4,1.61E-05
2332.6,1.59E-05
2332.8,1.61E-05
2333,1.67E-05
2333.2,1.72E-05
2333.4,1.73E-05
2333.6,1.68E-05
2333.8,1.62E-05
2334,1.60E-05
2334.2,1.62E-05
2334.4,1.68E-05
2334.6,1.75E-05
2334.8,1.76E-05
2335,1.72E-05
2335.2,1.65E-05
2335.4,1.60E-05
2335.6,1.63E-05
2335.8,1.71E-05
2336,1.80E-05
2336.2,1.82E-05
2336.4,1.77E-05
2336.6,1.69E-05
2336.8,1.63E-05
2337,1.66E-05
2337.2,1.74E-05
2337.4,1.84E-05
2337.6,1.87E-05
2337.8,1.82E-05
2338,1.74E-05
2338.2,1.67E-05
2338.4,1.69E-05
2338.6,1.77E-05
2338.8,1.86E-05
2339,1.89E-05
2339.2,1.85E-05
2339.4,1.75E-05
2339.6,1.68E-05
2339.8,1.71E-05
2340,1.81E-05
2340.2,1.90E-05
2340.4,1.94E-05
2340.6,1.87E-05
2340.8,1.76E-05
2341,1.70E-05
2341.2,1.73E-05
2341.4,1.85E-05
2341.6,1.97E-05
2341.8,1.99E-05
2342,1.91E-05
2342.2,1.78E-05
2342.4,1.70E-05
2342.6,1.74E-05
2342.8,1.88E-05
2343,2.01E-05
2343.2,2.04E-05
2343.4,1.94E-05
2343.6,1.79E-05
2343.8,1.72E-05
2344,1.77E-05
2344.2,1.92E-05
2344.4,2.05E-05
2344.6,2.07E-05
2344.8,1.96E-05
2345,1.80E-05
2345.2,1.73E-05
2345.4,1.81E-05
2345.6,1.98E-05
2345.8,2.12E-05
2346,2.13E-05
2346.2,2.01E-05
2346.4,1.84E-05
2346.6,1.77E-05
2346.8,1.85E-05
2347,2.03E-05
2347.2,2.18E-05
2347.4,2.17E-05
2347.6,2.02E-05
2347.8,1.84E-05
2348,1.78E-05
2348.2,1.91E-05
2348.4,2.13E-05
2348.6,2.27E-05
2348.8,2.25E-05
2349,2.06E-05
2349.2,1.87E-05
2349.4,1.82E-05
2349.6,1.97E-05
2349.8,2.23E-05
2350,2.39E-05
2350.2,2.33E-05
2350.4,2.11E-05
2350.6,1.91E-05
2350.8,1.90E-05
2351,2.09E-05
2351.2,2.36E-05
2351.4,2.52E-05
2351.6,2.42E-05
2351.8,2.16E-05
2352,1.95E-05
2352.2,1.97E-05
2352.4,2.22E-05
2352.6,2.54E-05
2352.8,2.67E-05
2353,2.53E-05
2353.2,2.24E-05
2353.4,2.03E-05
2353.6,2.11E-05
2353.8,2.43E-05
2354,2.75E-05
2354.2,2.84E-05
2354.4,2.61E-05
2354.6,2.28E-05
2354.8,2.11E-05
2355,2.27E-05
2355.2,2.67E-05
2355.4,3.01E-05
2355.6,3.02E-05
2355.8,2.72E-05
2356,2.35E-05
2356.2,2.23E-05
2356.4,2.49E-05
2356.6,2.96E-05
2356.8,3.26E-05
2357,3.18E-05
2357.2,2.78E-05
2357.4,2.41E-05
2357.6,2.38E-05
2357.8,2.77E-05
2358,3.29E-05
2358.2,3.54E-05
2358.4,3.33E-05
2358.6,2.85E-05
2358.8,2.51E-05
2359,2.63E-05
2359.2,3.15E-05
2359.4,3.67E-05
2359.6,3.80E-05
2359.8,3.43E-05
2360,2.89E-05
2360.2,2.65E-05
2360.4,2.94E-05
2360.6,3.59E-05
2360.8,4.10E-05
2361,4.06E-05
2361.2,3.53E-05
2361.4,2.97E-05
2361.6,2.87E-05
2361.8,3.36E-05
2362,4.06E-05
2362.2,4.45E-05
2362.4,4.20E-05
2362.6,3.54E-05
2362.8,3.05E-05
2363,3.18E-05
2363.2,3.88E-05
2363.4,4.62E-05
2363.6,4.82E-05
2363.8,4.34E-05
2364,3.60E-05
2364.2,3.24E-05
2364.4,3.61E-05
2364.6,4.43E-05
2364.8,5.06E-05
2365,5.00E-05
2365.2,4.29E-05
2365.4,3.59E-05
2365.6,3.51E-05
2365.8,4.19E-05
2366,5.09E-05
2366.2,5.53E-05
2366.4,5.15E-05
2366.6,4.28E-05
2366.8,3.69E-05
2367,3.93E-05
2367.2,4.82E-05
2367.4,5.69E-05
2367.6,5.82E-05
2367.8,5.13E-05
2368,4.22E-05
2368.2,3.89E-05
2368.4,4.48E-05
2368.6,5.54E-05
2368.8,6.21E-05
2369,5.98E-05
2369.2,5.04E-05
2369.4,4.22E-05
2369.6,4.26E-05
2369.8,5.20E-05
2370,6.26E-05
2370.2,6.63E-05
2370.4,6.00E-05
2370.6,4.92E-05
2370.8,4.35E-05
2371,4.82E-05
2371.2,5.98E-05
2371.4,6.90E-05
2371.6,6.85E-05
2371.8,5.88E-05
2372,4.85E-05
2372.2,4.70E-05
2372.4,5.62E-05
2372.6,6.88E-05
2372.8,7.45E-05
2373,6.89E-05
2373.2,5.69E-05
2373.4,4.90E-05
2373.6,5.28E-05
2373.8,6.60E-05
2374,7.76E-05
2374.2,7.84E-05
2374.4,6.84E-05
2374.6,5.60E-05
2374.8,5.28E-05
2375,6.21E-05
2375.2,7.67E-05
2375.4,8.43E-05
2375.6,7.89E-05
2375.8,6.53E-05
2376,5.58E-05
2376.2,5.94E-05
2376.4,7.40E-05
2376.6,8.77E-05
2376.8,8.91E-05
2377,7.75E-05
2377.2,6.33E-05
2377.4,5.94E-05
2377.6,7.00E-05
2377.8,8.66E-05
2378,9.51E-05
2378.2,8.84E-05
2378.4,7.25E-05
2378.6,6.22E-05
2378.8,6.68E-05
2379,8.33E-05
2379.2,9.79E-05
2379.4,9.78E-05
2379.6,8.37E-05
2379.8,6.82E-05
2380,6.54E-05
2380.2,7.82E-05
2380.4,9.62E-05
2380.6,1.04E-04
2380.8,9.44E-05
2381,7.67E-05
2381.2,6.68E-05
2381.4,7.39E-05
2381.6,9.22E-05
2381.8,1.06E-04
2382,1.03E-04
2382.2,8.59E-05
2382.4,7.04E-05
2382.6,7.06E-05
2382.8,8.65E-05
2383,1.04E-04
2383.2,1.09E-04
2383.4,9.56E-05
2383.6,7.67E-05
2383.8,6.95E-05
2384,8.04E-05
2384.2,9.96E-05
2384.4,1.10E-04
2384.6,1.03E-04
2384.8,8.41E-05
2385,7.09E-05
2385.2,7.56E-05
2385.4,9.44E-05
2385.6,1.11E-04
2385.8,1.10E-04
2386,9.32E-05
2386.2,7.50E-05
2386.4,7.22E-05
2386.6,8.69E-05
2386.8,1.06E-04
2387,1.12E-04
2387.2,1.00E-04
2387.4,8.04E-05
2387.6,7.12E-05
2387.8,8.10E-05
2388,1.01E-04
2388.2,1.13E-04
2388.4,1.06E-04
2388.6,8.70E-05
2388.8,7.22E-05
2389,7.54E-05
2389.2,9.36E-05
2389.4,1.10E-04
2389.6,1.10E-04
2389.8,9.30E-05
2390,7.51E-05
2390.2,7.21E-05
2390.4,8.67E-05
2390.6,1.05E-04
2390.8,1.11E-04
2391,9.80E-05
2391.2,7.87E-05
2391.4,7.04E-05
2391.6,8.06E-05
2391.8,1.00E-04
2392,1.11E-04
2392.2,1.03E-04
2392.4,8.41E-05
2392.6,7.09E-05
2392.8,7.55E-05
2393,9.35E-05
2393.2,1.08E-04
2393.4,1.06E-04
2393.6,8.83E-05
2393.8,7.23E-05
2394,7.22E-05
2394.2,8.77E-05
2394.4,1.05E-04
2394.6,1.08E-04
2394.8,9.38E-05
2395,7.57E-05
2395.2,7.01E-05
2395.4,8.20E-05
2395.6,1.00E-04
2395.8,1.07E-04
2396,9.70E-05
2396.2,7.86E-05
2396.4,6.94E-05
2396.6,7.79E-05
2396.8,9.60E-05
2397,1.07E-04
2397.2,1.01E-04
2397.4,8.30E-05
2397.6,7.00E-05
2397.8,7.39E-05
2398,9.10E-05
2398.2,1.05E-04
2398.4,1.03E-04
2398.6,8.69E-05
2398.8,7.17E-05
2399,7.20E-05
2399.2,8.77E-05
2399.4,1.04E-04
2399.6,1.06E-04
2399.8,9.13E-05
2400,7.42E-05
